code,branch_code,supplier_code,issue_date,total_cost,total_discount,total_fees,total_amount
8,1,18,2023-09-14,0,0,0,0.000000
12,1,21,2023-09-21,0,0,0,95.000000
13,1,21,2023-09-22,0,0,0,20.000000
14,1,18,2023-09-25,0,0,0,352.860000
15,1,112,2023-09-26,0,0,0,115.900000
17,1,112,2023-09-28,0,0,0,1348.520000
18,1,21,2023-09-28,0,0,0,197.900000
19,1,21,2023-09-28,0,0,0,16.050000
20,1,21,2023-09-28,0,0,0,19.750000
21,1,112,2023-09-28,0,0,0,190.000000
22,1,18,2023-09-29,0,0,0,70.520000
24,1,11,2023-09-29,0,0,0,248.360000
25,1,18,2023-09-29,0,0,0,190.000000
26,1,121,2023-09-29,0,0,0,2420.000000
27,1,21,2023-09-29,0,0,0,50.000000
28,1,112,2023-10-03,0,0,0,1926.940000
29,1,112,2023-10-03,0,0,0,332.000000
30,1,112,2023-10-05,0,0,0,798.000000
33,1,112,2023-10-05,0,0,0,691.200000
34,1,25,2023-10-05,0,0,0,47.000000
35,1,21,2023-10-05,0,0,0,43.200000
36,1,25,2023-10-05,0,0,0,47.300000
37,1,11,2023-10-06,0,0,0,333.720000
38,1,11,2023-10-07,0,0,0,259.690000
39,1,21,2023-10-07,0,0,0,227.980000
40,1,112,2023-10-07,0,0,0,1054.200000
41,1,112,2023-10-10,0,0,0,156.100000
42,1,18,2023-10-10,0,0,0,1251.000000
43,1,18,2023-10-10,0,0,0,48.640000
44,1,9,2023-10-10,0,0,0,114.950000
45,1,21,2023-10-10,0,0,0,25.000000
46,1,21,2023-10-10,0,0,0,49.000000
47,1,9,2023-10-11,0,0,0,239.900000
49,1,18,2023-10-11,0,0,0,224.910000
51,1,138,2023-10-13,0,0,0,1120.000000
52,1,18,2023-10-13,0,0,0,129.900000
53,1,112,2023-10-16,0,0,0,0.000000
54,1,112,2023-10-16,0,0,0,2819.660000
55,1,112,2023-10-16,0,0,0,1513.700000
56,1,11,2023-10-16,0,0,0,145.170000
57,1,18,2023-10-16,0,0,0,279.800000
58,1,18,2023-10-16,0,0,0,73.810000
59,1,21,2023-10-16,0,0,0,30.000000
60,1,66,2023-10-16,0,0,0,164.240000
61,1,43,2023-10-17,0,0,0,65.000000
62,1,21,2023-10-17,0,0,0,89.500000
63,1,11,2023-10-17,0,0,0,849.000000
64,1,18,2023-10-18,0,0,0,238.560000
65,1,21,2023-10-18,0,0,0,100.000000
66,1,11,2023-10-18,0,0,0,290.350000
67,1,21,2023-10-18,0,0,0,60.000000
68,1,11,2023-10-18,0,0,0,98.000000
69,1,11,2023-10-19,0,0,0,357.400000
70,1,112,2023-10-20,0,0,0,1480.000000
72,1,148,2023-10-20,0,0,0,1047.000000
73,1,11,2023-10-20,0,0,0,1039.540000
74,1,81,2023-10-20,0,0,0,28.820000
75,1,18,2023-10-21,0,0,0,39.060000
76,1,150,2023-10-21,0,0,0,600.000000
77,1,11,2023-10-21,0,0,0,118.800000
78,1,21,2023-10-21,0,0,0,14.600000
79,1,112,2023-10-21,0,0,0,372.120000
80,1,112,2023-10-21,0,0,0,4646.130000
81,1,21,2023-10-21,0,0,0,29.200000
82,1,21,2023-10-23,0,0,0,18.500000
83,1,21,2023-10-23,0,0,0,15.000000
84,1,12,2023-10-23,0,0,0,2088.800000
86,1,152,2023-10-24,0,0,0,65.000000
87,1,18,2023-10-24,0,0,0,345.370000
88,1,21,2023-10-24,0,0,0,5.100000
89,1,21,2023-10-24,0,0,0,14.000000
90,1,18,2023-10-24,0,0,0,117.180000
91,1,18,2023-10-24,0,0,0,315.790000
92,1,11,2023-10-24,0,0,0,335.470000
94,1,11,2023-10-24,0,0,0,239.650000
95,1,21,2023-10-25,0,0,0,25.000000
96,1,11,2023-10-26,0,0,0,649.210000
97,1,78,2023-10-26,0,0,0,49.950000
98,1,21,2023-10-26,0,0,0,24.280000
99,1,121,2023-10-26,0,0,0,3814.500000
101,1,18,2023-10-26,0,0,0,149.900000
103,1,21,2023-10-26,0,0,0,78.000000
104,1,18,2023-10-26,0,0,0,780.000000
105,1,112,2023-10-26,0,0,0,691.200000
106,1,121,2023-10-27,0,0,0,2736.000000
107,1,21,2023-10-30,0,0,0,126.700000
108,1,21,2023-10-30,0,0,0,34.500000
109,1,18,2023-10-30,0,0,0,90.970000
110,1,148,2023-10-30,0,0,0,808.000000
111,1,11,2023-10-30,0,0,0,319.840000
112,1,112,2023-10-30,0,0,0,2168.350000
113,1,86,2023-10-31,0,0,0,130.000000
114,1,148,2023-10-31,0,0,0,269.420000
115,1,21,2023-10-31,0,0,0,37.000000
116,1,21,2023-10-31,0,0,0,34.300000
117,1,73,2023-11-01,0,0,0,1323.000000
118,1,18,2023-11-01,0,0,0,46.000000
119,1,18,2023-11-03,0,0,0,126.900000
120,1,144,2023-11-03,0,0,0,80.000000
121,1,12,2023-11-03,0,0,0,3750.250000
122,1,25,2023-11-03,0,0,0,26.010000
123,1,21,2023-11-03,0,0,0,14.700000
125,1,159,2023-11-03,0,0,0,520.000000
126,1,112,2023-11-04,0,0,0,456.400000
127,1,18,2023-11-06,0,0,0,98.680000
128,1,18,2023-11-06,0,0,0,0.000000
129,1,18,2023-11-06,0,0,0,181.900000
130,1,11,2023-11-07,0,0,0,416.620000
131,1,21,2023-11-07,0,0,0,3805.000000
132,1,11,2023-11-08,0,0,0,154.480000
133,1,18,2023-11-08,0,0,0,50.700000
134,1,160,2023-11-08,0,0,0,200.000000
135,1,112,2023-11-08,0,0,0,135.000000
136,1,121,2023-11-09,0,0,0,1155.000000
137,1,12,2023-11-09,0,0,0,1629.000000
138,1,18,2023-11-09,0,0,0,296.910000
140,1,112,2023-11-10,0,0,0,1109.400000
141,1,112,2023-11-10,0,0,0,1109.400000
142,1,112,2023-11-10,0,0,0,1064.480000
143,1,104,2023-11-10,0,0,0,662.850000
144,1,74,2023-11-10,0,0,0,100.000000
145,1,144,2023-11-10,0,0,0,155.000000
146,1,18,2023-11-10,0,0,0,91.940000
147,1,21,2023-11-11,0,0,0,21.860000
148,1,18,2023-11-13,0,0,0,695.900000
149,1,112,2023-11-13,0,0,0,872.740000
150,1,119,2023-11-13,0,0,0,235.000000
151,1,25,2023-11-13,0,0,0,90.340000
152,1,18,2023-11-14,0,0,0,351.000000
153,1,21,2023-11-14,0,0,0,34.000000
154,1,112,2023-11-16,0,0,0,0.000000
155,1,11,2023-11-17,0,0,0,239.650000
156,1,11,2023-11-17,0,0,0,298.100000
157,1,11,2023-11-17,0,0,0,523.980000
158,1,21,2023-11-17,0,0,0,28.570000
159,1,18,2023-11-17,0,0,0,65.480000
160,1,11,2023-11-17,0,0,0,477.350000
161,1,12,2023-11-17,0,0,0,355.750000
162,1,112,2023-11-18,0,0,0,4920.800000
164,1,163,2023-11-18,0,0,0,1337.660000
165,1,112,2023-11-18,0,0,0,345.860000
166,1,112,2023-11-18,0,0,0,246.680000
167,1,21,2023-11-18,0,0,0,41.000000
168,1,18,2023-11-21,0,0,0,311.290000
169,1,9,2023-11-22,0,0,0,102.500000
170,1,112,2023-11-22,0,0,0,968.400000
171,1,18,2023-11-22,0,0,0,324.750000
172,1,21,2023-11-23,0,0,0,5450.750000
173,1,18,2023-11-23,0,0,0,235.130000
174,1,18,2023-11-23,0,0,0,119.950000
175,1,112,2023-11-23,0,0,0,144.500000
176,1,112,2023-11-23,0,0,0,495.200000
177,1,21,2023-11-24,0,0,0,32.300000
178,1,112,2023-11-24,0,0,0,484.000000
179,1,112,2023-11-24,0,0,0,7424.480000
180,1,163,2023-11-24,0,0,0,2686.760000
181,1,11,2023-11-24,0,0,0,129.590000
182,1,112,2023-11-25,0,0,0,332.800000
183,1,11,2023-11-27,0,0,0,204.580000
184,1,11,2023-11-27,0,0,0,129.590000
185,1,21,2023-11-27,0,0,0,500.000000
186,1,21,2023-11-27,0,0,0,100.000000
188,1,9,2023-11-27,0,0,0,539.800000
189,1,22,2023-11-27,0,0,0,109.960000
190,1,112,2023-11-28,0,0,0,693.200000
191,1,18,2023-11-28,0,0,0,309.600000
192,1,11,2023-11-28,0,0,0,239.800000
194,1,121,2023-11-28,0,0,0,3295.000000
195,1,112,2023-11-29,0,0,0,1022.400000
196,1,148,2023-11-29,0,0,0,2340.500000
197,1,11,2023-11-29,0,0,0,599.200000
199,1,148,2023-11-29,0,0,0,2340.500000
200,1,11,2023-11-29,0,0,0,499.990000
201,1,11,2023-11-29,0,0,0,119.080000
202,1,112,2023-11-30,0,0,0,508.380000
203,1,112,2023-12-01,0,0,0,253.740000
204,1,25,2023-12-04,0,0,0,107.880000
205,1,81,2023-12-05,0,0,0,244.800000
207,1,112,2023-12-07,0,0,0,1088.000000
208,1,21,2023-12-07,0,0,0,161.000000
209,1,12,2023-12-07,0,0,0,4796.800000
210,1,18,2023-12-07,0,0,0,209.980000
211,1,11,2023-12-08,0,0,0,2100.000000
212,1,11,2023-12-08,0,0,0,185.290000
213,1,18,2023-12-09,0,0,0,157.500000
214,1,18,2023-12-09,0,0,0,69.800000
215,1,112,2023-12-09,0,0,0,2175.600000
216,1,18,2023-12-11,0,0,0,218.460000
217,1,121,2023-12-13,0,0,0,7203.500000
218,1,148,2023-12-13,0,0,0,2792.950000
219,1,18,2023-12-14,0,0,0,6658.000000
220,1,21,2023-12-14,0,0,0,2244.900000
221,1,112,2023-12-14,0,0,0,1312.400000
222,1,112,2023-12-14,0,0,0,1246.700000
223,1,25,2023-12-15,0,0,0,13.520000
224,1,25,2023-12-18,0,0,0,171.000000
225,1,11,2023-12-18,0,0,0,6281.980000
226,1,18,2023-12-18,0,0,0,51.660000
227,1,112,2023-12-19,0,0,0,1293.400000
228,1,112,2023-12-20,0,0,0,603.320000
229,1,12,2023-12-20,0,0,0,3022.490000
230,1,0,2023-12-22,0,0,0,49.000000
231,1,112,2023-12-26,0,0,0,688.950000
232,1,112,2023-12-26,0,0,0,4460.310000
233,1,112,2023-12-27,0,0,0,414.050000
234,1,112,2023-12-29,0,0,0,1325.160000
235,1,21,2024-01-02,0,0,0,46.850000
236,1,112,2024-01-03,0,0,0,230.540000
237,1,112,2024-01-03,0,0,0,1413.560000
238,1,18,2024-01-03,0,0,0,5031.720000
239,1,151,2024-01-03,0,0,0,140.000000
240,1,11,2024-01-03,0,0,0,6594.570000
241,1,0,2024-01-03,0,0,0,0.000000
243,1,112,2024-01-04,0,0,0,284.000000
244,1,12,2024-01-05,0,0,0,2297.000000
245,1,25,2024-01-05,0,0,0,22.050000
246,1,121,2024-01-05,0,0,0,2236.000000
248,1,112,2024-01-06,0,0,0,706.940000
249,1,21,2024-01-06,0,0,0,2500.000000
250,1,21,2024-01-06,0,0,0,196.000000
251,1,81,2024-01-08,0,0,0,381.600000
252,1,169,2024-01-08,0,0,0,1260.000000
253,1,21,2024-01-08,0,0,0,59.000000
254,1,74,2024-01-08,0,0,0,225.000000
255,1,112,2024-01-09,0,0,0,185.600000
256,1,112,2024-01-09,0,0,0,3054.700000
257,1,112,2024-01-09,0,0,0,441.900000
258,1,112,2024-01-11,0,0,0,1889.360000
260,1,21,2024-01-11,0,0,0,35.000000
261,1,112,2024-01-12,0,0,0,861.890000
262,1,148,2024-01-12,0,0,0,1014.600000
263,1,21,2024-01-15,0,0,0,269.000000
264,1,81,2024-01-15,0,0,0,134.900000
265,1,112,2024-01-16,0,0,0,256.900000
266,1,121,2024-01-16,0,0,0,1582.000000
267,1,9,2024-01-16,0,0,0,154.590000
268,1,18,2024-01-17,0,0,0,0.000000
269,1,18,2024-01-17,0,0,0,5993.000000
270,1,144,2024-01-17,0,0,0,110.000000
271,1,112,2024-01-22,0,0,0,722.710000
272,1,163,2024-01-22,0,0,0,3148.000000
273,1,21,2024-01-24,0,0,0,91.800000
274,1,21,2024-01-25,0,0,0,38.000000
275,1,175,2024-01-26,0,0,0,800.000000
276,1,21,2024-01-26,0,0,0,34.500000
277,1,21,2024-01-29,0,0,0,515.000000
278,1,21,2024-01-29,0,0,0,35.980000
279,1,21,2024-01-30,0,0,0,192.000000
281,1,21,2024-01-30,0,0,0,130.000000
282,1,121,2024-01-31,0,0,0,7861.500000
283,1,11,2024-01-31,0,0,0,4602.600000
284,1,81,2024-01-31,0,0,0,567.110000
285,1,21,2024-02-01,0,0,0,21.200000
286,1,112,2024-02-01,0,0,0,1842.800000
287,1,21,2024-02-02,0,0,0,308.020000
288,1,21,2024-02-03,0,0,0,676.820000
289,1,121,2024-02-03,0,0,0,3132.600000
291,1,112,2024-02-03,0,0,0,2583.670000
292,1,112,2024-02-03,0,0,0,918.080000
294,1,21,2024-02-05,0,0,0,109.000000
295,1,181,2024-02-05,0,0,0,440.000000
296,1,11,2024-02-06,0,0,0,4124.420000
297,1,112,2024-02-07,0,0,0,933.440000
298,1,121,2024-02-07,0,0,0,712.100000
299,1,21,2024-02-07,0,0,0,9.350000
300,1,112,2024-02-08,0,0,0,2164.300000
301,1,21,2024-02-09,0,0,0,217.000000
302,1,112,2024-02-10,0,0,0,605.260000
303,1,112,2024-02-10,0,0,0,249.080000
304,1,148,2024-02-12,0,0,0,4161.500000
305,1,21,2024-02-15,0,0,0,29.500000
307,1,21,2024-02-15,0,0,0,358.000000
308,1,21,2024-02-15,0,0,0,9.000000
309,1,18,2024-02-16,0,0,0,4927.360000
310,1,121,2024-02-16,0,0,0,1299.000000
311,1,21,2024-02-16,0,0,0,43.000000
312,1,21,2024-02-16,0,0,0,327.000000
314,1,45,2024-02-21,0,0,0,1000.000000
315,1,21,2024-02-21,0,0,0,16.480000
316,1,175,2024-02-22,0,0,0,1600.000000
317,1,74,2024-02-22,0,0,0,380.000000
318,1,112,2024-02-22,0,0,0,302.400000
319,1,21,2024-02-22,0,0,0,12.000000
320,1,21,2024-02-23,0,0,0,180.000000
321,1,112,2024-02-23,0,0,0,68.120000
322,1,11,2024-02-24,0,0,0,3613.150000
323,1,21,2024-02-24,0,0,0,12.000000
324,1,21,2024-02-26,0,0,0,450.000000
325,1,148,2024-02-26,0,0,0,1633.000000
326,1,112,2024-02-27,0,0,0,772.680000
327,1,121,2024-02-27,0,0,0,4042.600000
328,1,21,2024-02-27,0,0,0,22.000000
329,1,21,2024-02-28,0,0,0,5.750000
330,1,21,2024-03-01,0,0,0,92.730000
331,1,18,2024-03-01,0,0,0,4297.520000
332,1,184,2024-03-01,0,0,0,846.500000
333,1,21,2024-03-01,0,0,0,0.000000
334,1,21,2024-03-01,0,0,0,9877.500000
335,1,112,2024-03-02,0,0,0,482.400000
336,1,21,2024-03-04,0,0,0,27.000000
337,1,45,2024-03-05,0,0,0,1330.000000
338,1,21,2024-03-06,0,0,0,448.430000
340,1,187,2024-03-07,0,0,0,773.000000
341,1,21,2024-03-09,0,0,0,343.000000
342,1,112,2024-03-11,0,0,0,2349.500000
343,1,21,2024-03-11,0,0,0,13.470000
344,1,11,2024-03-11,0,0,0,3787.490000
346,1,188,2024-03-13,0,0,0,1600.000000
347,1,31,2024-03-13,0,0,0,590.000000
348,1,21,2024-03-14,0,0,0,10.000000
349,1,21,2024-03-14,0,0,0,75.000000
350,1,64,2024-03-18,0,0,0,185.000000
351,1,21,2024-03-18,0,0,0,487.000000
352,1,21,2024-03-18,0,0,0,5.000000
353,1,21,2024-03-18,0,0,0,5.500000
354,1,97,2024-03-19,0,0,0,2000.000000
355,1,11,2024-03-19,0,0,0,2555.310000
356,1,18,2024-03-19,0,0,0,9790.990000
357,1,175,2024-03-20,0,0,0,1600.000000
358,1,21,2024-03-20,0,0,0,5.400000
359,1,21,2024-03-20,0,0,0,331.930000
360,1,187,2024-03-21,0,0,0,1186.000000
361,1,112,2024-03-21,0,0,0,298.620000
362,1,112,2024-03-21,0,0,0,292.340000
363,1,112,2024-03-21,0,0,0,415.680000
364,1,21,2024-03-21,0,0,0,20.000000
366,1,21,2024-03-23,0,0,0,12.000000
368,1,21,2024-03-23,0,0,0,36.000000
369,1,112,2024-03-23,0,0,0,97.700000
370,1,112,2024-03-23,0,0,0,2773.500000
371,1,112,2024-03-25,0,0,0,471.990000
372,1,21,2024-03-25,0,0,0,18.510000
373,1,21,2024-03-25,0,0,0,102.500000
374,1,121,2024-03-25,0,0,0,977.000000
375,1,148,2024-03-25,0,0,0,3701.000000
376,1,11,2024-03-26,0,0,0,1677.260000
377,1,121,2024-03-26,0,0,0,814.000000
378,1,0,2024-03-27,0,0,0,649.000000
379,1,21,2024-03-27,0,0,0,26.000000
380,1,21,2024-03-27,0,0,0,19.500000
381,1,112,2024-03-27,0,0,0,3828.150000
382,1,112,2024-03-27,0,0,0,949.920000
384,1,190,2024-03-27,0,0,0,1780.000000
385,1,112,2024-03-28,0,0,0,927.570000
386,1,18,2024-04-01,0,0,0,6048.270000
387,1,11,2024-04-01,0,0,0,5114.400000
388,1,163,2024-04-01,0,0,0,1751.000000
389,1,163,2024-04-01,0,0,0,1499.000000
390,1,21,2024-04-03,0,0,0,3.100000
391,1,21,2024-04-03,0,0,0,17.500000
392,1,187,2024-04-03,0,0,0,1016.000000
393,1,112,2024-04-03,0,0,0,692.680000
394,1,121,2024-04-03,0,0,0,4029.300000
395,1,112,2024-04-04,0,0,0,1067.460000
396,1,191,2024-04-05,0,0,0,464.000000
397,1,112,2024-04-05,0,0,0,1320.000000
398,1,112,2024-04-09,0,0,0,2127.820000
399,1,121,2024-04-09,0,0,0,1804.000000
400,1,112,2024-04-09,0,0,0,999.200000
401,1,21,2024-04-10,0,0,0,125.000000
402,1,74,2024-04-11,0,0,0,1500.000000
403,1,21,2024-04-11,0,0,0,87.000000
404,1,21,2024-04-11,0,0,0,12.000000
405,1,21,2024-04-11,0,0,0,12.000000
406,1,112,2024-04-11,0,0,0,673.620000
407,1,112,2024-04-12,0,0,0,1160.000000
408,1,121,2024-04-12,0,0,0,1000.000000
409,1,21,2024-04-15,0,0,0,46.000000
410,1,175,2024-04-16,0,0,0,1600.000000
411,1,148,2024-04-16,0,0,0,2206.200000
412,1,11,2024-04-17,0,0,0,2603.040000
413,1,121,2024-04-17,0,0,0,574.000000
414,1,112,2024-04-17,0,0,0,873.000000
415,1,21,2024-04-18,0,0,0,17.500000
416,1,187,2024-04-19,0,0,0,5191.200000
417,1,121,2024-04-19,0,0,0,716.000000
418,1,21,2024-04-19,0,0,0,4.000000
419,1,21,2024-04-19,0,0,0,24.000000
420,1,21,2024-04-19,0,0,0,10.000000
421,1,112,2024-04-19,0,0,0,270.600000
422,1,18,2024-04-19,0,0,0,4774.440000
423,1,21,2024-04-19,0,0,0,30.500000
424,1,11,2024-04-19,0,0,0,4740.500000
425,1,112,2024-04-22,0,0,0,910.300000
426,1,21,2024-04-24,0,0,0,14.500000
427,1,21,2024-04-24,0,0,0,2.200000
428,1,21,2024-04-24,0,0,0,5.600000
429,1,21,2024-04-24,0,0,0,30.500000
430,1,112,2024-04-24,0,0,0,787.200000
431,1,21,2024-04-24,0,0,0,270.000000
432,1,112,2024-04-24,0,0,0,1471.080000
434,1,192,2024-04-25,0,0,0,2020.800000
435,1,46,2024-04-25,0,0,0,408.000000
436,1,97,2024-04-25,0,0,0,3674.800000
437,1,45,2024-04-25,0,0,0,990.000000
438,1,81,2024-04-25,0,0,0,433.260000
439,1,45,2024-04-25,0,0,0,360.000000
440,1,21,2024-04-26,0,0,0,40.000000
441,1,169,2024-04-26,0,0,0,1260.000000
442,1,112,2024-04-26,0,0,0,1728.820000
443,1,45,2024-04-26,0,0,0,200.000000
444,1,21,2024-04-30,0,0,0,130.000000
446,1,112,2024-04-30,0,0,0,220.000000
447,1,21,2024-05-01,0,0,0,50.000000
448,1,21,2024-05-02,0,0,0,50.000000
449,1,193,2024-05-03,0,0,0,11500.000000
450,1,11,2024-05-03,0,0,0,5793.110000
451,1,18,2024-05-03,0,0,0,5706.760000
452,1,163,2024-05-03,0,0,0,2184.920000
453,1,73,2024-05-07,0,0,0,200.000000
454,1,190,2024-05-07,0,0,0,1780.000000
455,1,121,2024-05-07,0,0,0,824.000000
456,1,81,2024-05-09,0,0,0,385.200000
457,1,163,2024-05-10,0,0,0,2709.880000
458,1,192,2024-05-11,0,0,0,4532.000000
459,1,21,2024-05-13,0,0,0,40.000000
461,1,45,2024-05-14,0,0,0,590.000000
462,1,112,2024-05-14,0,0,0,452.600000
463,1,196,2024-05-16,0,0,0,468.000000
464,1,148,2024-05-17,0,0,0,1938.000000
465,1,11,2024-05-17,0,0,0,2400.060000
466,1,187,2024-05-17,0,0,0,3518.400000
467,1,121,2024-05-17,0,0,0,3357.000000
468,1,175,2024-05-18,0,0,0,2500.000000
469,1,97,2024-05-18,0,0,0,2590.000000
470,1,198,2024-05-21,0,0,0,105.000000
471,1,112,2024-05-21,0,0,0,205.700000
472,1,112,2024-05-21,0,0,0,472.650000
473,1,18,2024-05-21,0,0,0,3589.490000
474,1,21,2024-05-22,0,0,0,355.700000
475,1,10,2024-05-22,0,0,0,1767.000000
476,1,121,2024-05-22,0,0,0,913.800000
477,1,148,2024-05-22,0,0,0,77.000000
479,1,121,2024-05-24,0,0,0,0.000000
480,1,199,2024-05-24,0,0,0,2250.000000
482,1,121,2024-05-24,0,0,0,1181.600000
483,1,200,2024-05-24,0,0,0,5089.330000
484,1,192,2024-05-24,0,0,0,1214.800000
485,1,21,2024-05-25,0,0,0,85.000000
486,1,112,2024-05-27,0,0,0,750.000000
487,1,112,2024-05-27,0,0,0,489.600000
488,1,187,2024-05-29,0,0,0,830.800000
490,1,45,2024-05-31,0,0,0,299.000000
491,1,121,2024-05-31,0,0,0,443.000000
492,1,190,2024-05-31,0,0,0,3560.000000
493,1,112,2024-05-31,0,0,0,130.000000
494,1,112,2024-06-01,0,0,0,232.760000
495,1,21,2024-06-01,0,0,0,30.500000
497,1,18,2024-06-03,0,0,0,3946.290000
498,1,163,2024-06-03,0,0,0,1915.640000
499,1,112,2024-06-03,0,0,0,970.910000
500,1,203,2024-06-04,0,0,0,616.000000
501,1,163,2024-06-04,0,0,0,2084.660000
502,1,18,2024-06-04,0,0,0,493.000000
503,1,205,2024-06-05,0,0,0,900.000000
504,1,11,2024-06-05,0,0,0,3437.110000
505,1,21,2024-06-05,0,0,0,701.400000
506,1,112,2024-06-05,0,0,0,1405.800000
507,1,81,2024-06-05,0,0,0,273.600000
508,1,12,2024-06-05,0,0,0,3022.490000
510,1,21,2024-06-06,0,0,0,472.930000
511,1,25,2024-06-06,0,0,0,393.520000
512,1,12,2024-06-06,0,0,0,3022.500000
514,1,112,2024-06-07,0,0,0,150.000000
516,1,198,2024-06-10,0,0,0,135.000000
517,1,206,2024-06-11,0,0,0,4860.000000
518,1,112,2024-06-11,0,0,0,804.000000
519,1,98,2024-06-11,0,0,0,2769.700000
520,1,206,2024-06-12,0,0,0,720.000000
521,1,112,2024-06-12,0,0,0,1200.840000
522,1,187,2024-06-13,0,0,0,512.000000
523,1,112,2024-06-14,0,0,0,4011.260000
524,1,121,2024-06-14,0,0,0,836.000000
525,1,45,2024-06-15,0,0,0,480.000000
526,1,169,2024-06-15,0,0,0,2920.000000
527,1,81,2024-06-15,0,0,0,352.800000
528,1,112,2024-06-17,0,0,0,626.340000
529,1,112,2024-06-18,0,0,0,248.800000
530,1,46,2024-06-19,0,0,0,252.000000
532,1,207,2024-06-19,0,0,0,950.000000
533,1,18,2024-06-19,0,0,0,6600.210000
534,1,112,2024-06-19,0,0,0,244.400000
535,1,112,2024-06-20,0,0,0,155.000000
536,1,11,2024-06-21,0,0,0,2281.690000
537,1,112,2024-06-21,0,0,0,259.040000
538,1,112,2024-06-21,0,0,0,307.030000
539,1,112,2024-06-22,0,0,0,1800.000000
540,1,139,2024-06-22,0,0,0,1442.080000
541,1,203,2024-06-22,0,0,0,1344.000000
543,1,139,2024-06-22,0,0,0,1575.380000
544,1,112,2024-06-22,0,0,0,439.950000
545,1,206,2024-06-22,0,0,0,2850.000000
546,1,45,2024-06-24,0,0,0,2260.000000
547,1,209,2024-06-24,0,0,0,700.000000
548,1,203,2024-06-26,0,0,0,4656.000000
549,1,139,2024-06-26,0,0,0,2449.800000
550,1,161,2024-06-27,0,0,0,1180.000000
551,1,187,2024-06-27,0,0,0,49.000000
552,1,112,2024-06-27,0,0,0,342.120000
553,1,150,2024-06-28,0,0,0,700.000000
555,1,211,2024-06-28,0,0,0,2378.000000
556,1,161,2024-06-28,0,0,0,540.000000
557,1,112,2024-06-28,0,0,0,974.580000
558,1,192,2024-06-28,0,0,0,2569.200000
559,1,163,2024-06-28,0,0,0,558.000000
560,1,175,2024-06-28,0,0,0,800.000000
561,1,165,2024-07-02,0,0,0,200.000000
562,1,165,2024-07-02,0,0,0,862.000000
563,1,45,2024-07-02,0,0,0,1200.000000
564,1,51,2024-07-02,0,0,0,300.000000
565,1,206,2024-07-02,0,0,0,2789.000000
566,1,121,2024-07-02,0,0,0,5598.000000
567,1,26,2024-07-02,0,0,0,80.000000
568,1,11,2024-07-02,0,0,0,5773.760000
569,1,169,2024-07-03,0,0,0,4380.000000
570,1,18,2024-07-03,0,0,0,689.140000
571,1,18,2024-07-03,0,0,0,2657.090000
573,1,81,2024-07-03,0,0,0,153.000000
574,1,47,2024-07-03,0,0,0,5488.000000
575,1,21,2024-07-04,0,0,0,637.260000
576,1,112,2024-07-05,0,0,0,711.000000
577,1,190,2024-07-05,0,0,0,460.000000
578,1,12,2024-07-05,0,0,0,3459.200000
579,1,163,2024-07-05,0,0,0,1204.400000
581,1,98,2024-07-05,0,0,0,2616.700000
582,1,121,2024-07-05,0,0,0,1442.000000
583,1,165,2024-07-05,0,0,0,700.000000
584,1,91,2024-07-06,0,0,0,50.000000
585,1,161,2024-07-08,0,0,0,1370.000000
586,1,25,2024-07-08,0,0,0,39.250000
587,1,205,2024-07-09,0,0,0,1150.000000
588,1,195,2024-07-10,0,0,0,280.000000
589,1,112,2024-07-11,0,0,0,583.000000
590,1,187,2024-07-11,0,0,0,2577.600000
591,1,47,2024-07-11,0,0,0,2340.000000
592,1,69,2024-07-12,0,0,0,1113.840000
593,1,112,2024-07-12,0,0,0,152.400000
594,1,206,2024-07-12,0,0,0,1980.000000
596,1,217,2024-07-12,0,0,0,690.000000
597,1,203,2024-07-12,0,0,0,6870.000000
598,1,81,2024-07-15,0,0,0,560.700000
600,1,164,2024-07-15,0,0,0,1644.260000
602,1,143,2024-07-17,0,0,0,440.000000
603,1,143,2024-07-17,0,0,0,798.480000
605,1,219,2024-07-17,0,0,0,310.000000
606,1,112,2024-07-17,0,0,0,610.650000
607,1,18,2024-07-17,0,0,0,5083.300000
608,1,203,2024-07-17,0,0,0,3240.000000
609,1,220,2024-07-18,0,0,0,1700.000000
610,1,206,2024-07-18,0,0,0,3680.000000
612,1,112,2024-07-20,0,0,0,530.000000
613,1,163,2024-07-20,0,0,0,1097.400000
614,1,190,2024-07-20,0,0,0,270.000000
615,1,10,2024-07-20,0,0,0,1025.000000
616,1,112,2024-07-20,0,0,0,3579.420000
617,1,73,2024-07-20,0,0,0,50.000000
618,1,112,2024-07-20,0,0,0,904.750000
619,1,206,2024-07-20,0,0,0,3211.000000
620,1,200,2024-07-20,0,0,0,9182.900000
621,1,121,2024-07-22,0,0,0,760.000000
622,1,190,2024-07-22,0,0,0,3120.000000
623,1,206,2024-07-23,0,0,0,2340.000000
624,1,45,2024-07-23,0,0,0,2753.250000
625,1,112,2024-07-25,0,0,0,2235.880000
626,1,187,2024-07-25,0,0,0,2308.000000
627,1,192,2024-07-25,0,0,0,3645.800000
628,1,139,2024-07-26,0,0,0,4722.000000
629,1,121,2024-07-29,0,0,0,739.400000
630,1,165,2024-07-29,0,0,0,1000.000000
631,1,139,2024-07-30,0,0,0,815.000000
632,1,161,2024-07-30,0,0,0,1140.000000
633,1,203,2024-07-30,0,0,0,4025.000000
634,1,112,2024-07-30,0,0,0,1365.200000
635,1,206,2024-07-31,0,0,0,2125.000000
637,1,81,2024-07-31,0,0,0,1648.610000
638,1,206,2024-07-31,0,0,0,960.000000
639,1,21,2024-08-01,0,0,0,3407.610000
640,1,69,2024-08-01,0,0,0,577.830000
641,1,91,2024-08-02,0,0,0,460.000000
642,1,18,2024-08-02,0,0,0,3373.550000
643,1,12,2024-08-03,0,0,0,2953.150000
644,1,163,2024-08-03,0,0,0,1000.000000
645,1,163,2024-08-03,0,0,0,1244.330000
646,1,221,2024-08-03,0,0,0,400.000000
647,1,78,2024-08-05,0,0,0,396.000000
648,1,206,2024-08-05,0,0,0,720.000000
649,1,143,2024-08-06,0,0,0,100.000000
650,1,10,2024-08-06,0,0,0,1292.400000
651,1,206,2024-08-06,0,0,0,280.000000
652,1,222,2024-08-06,0,0,0,1630.000000
653,1,11,2024-08-06,0,0,0,2606.780000
654,1,121,2024-08-06,0,0,0,970.000000
655,1,98,2024-08-06,0,0,0,3048.000000
656,1,223,2024-08-07,0,0,0,5400.000000
658,1,223,2024-08-07,0,0,0,290.000000
659,1,112,2024-08-07,0,0,0,548.460000
660,1,161,2024-08-07,0,0,0,320.000000
661,1,206,2024-08-07,0,0,0,1480.000000
662,1,161,2024-08-07,0,0,0,1140.000000
663,1,223,2024-08-08,0,0,0,415.920000
664,1,73,2024-08-08,0,0,0,117.600000
665,1,74,2024-08-08,0,0,0,250.000000
667,1,224,2024-08-08,0,0,0,960.000000
668,1,165,2024-08-09,0,0,0,620.000000
669,1,152,2024-08-09,0,0,0,700.000000
670,1,43,2024-08-09,0,0,0,30.500000
671,1,74,2024-08-13,0,0,0,220.000000
672,1,112,2024-08-14,0,0,0,973.410000
673,1,199,2024-08-15,0,0,0,650.000000
674,1,165,2024-08-15,0,0,0,350.000000
675,1,97,2024-08-16,0,0,0,580.000000
676,1,86,2024-08-16,0,0,0,490.000000
679,1,47,2024-08-16,0,0,0,2080.000000
680,1,195,2024-08-16,0,0,0,310.000000
681,1,45,2024-08-17,0,0,0,649.800000
683,1,206,2024-08-17,0,0,0,622.000000
684,1,18,2024-08-19,0,0,0,3160.000000
685,1,18,2024-08-19,0,0,0,4452.710000
688,1,227,2024-08-19,0,0,0,535.000000
690,1,205,2024-08-19,0,0,0,447.000000
691,1,206,2024-08-19,0,0,0,4588.000000
692,1,31,2024-08-20,0,0,0,90.000000
693,1,45,2024-08-20,0,0,0,1980.000000
694,1,45,2024-08-20,0,0,0,700.000000
695,1,112,2024-08-21,0,0,0,1028.720000
697,1,228,2024-08-21,0,0,0,225.000000
698,1,112,2024-08-22,0,0,0,2329.730000
699,1,112,2024-08-23,0,0,0,753.040000
700,1,163,2024-08-24,0,0,0,1116.000000
701,1,165,2024-08-24,0,0,0,300.000000
702,1,11,2024-08-26,0,0,0,1551.710000
703,1,81,2024-08-26,0,0,0,173.900000
704,1,161,2024-08-26,0,0,0,400.000000
706,1,222,2024-08-26,0,0,0,2160.000000
708,1,139,2024-08-27,0,0,0,6600.000000
709,1,98,2024-08-27,0,0,0,1452.800000
710,1,192,2024-08-27,0,0,0,2283.560000
711,1,206,2024-08-27,0,0,0,3060.000000
712,1,230,2024-08-27,0,0,0,1400.000000
713,1,229,2024-08-28,0,0,0,109.990000
714,1,112,2024-08-28,0,0,0,98.400000
715,1,103,2024-08-28,0,0,0,950.000000
717,1,206,2024-08-29,0,0,0,1350.000000
718,1,229,2024-08-29,0,0,0,3180.730000
719,1,121,2024-08-29,0,0,0,1255.000000
720,1,73,2024-08-29,0,0,0,558.000000
721,1,112,2024-08-29,0,0,0,1251.280000
722,1,229,2024-08-30,0,0,0,445.950000
723,1,229,2024-08-31,0,0,0,577.400000
724,1,112,2024-08-31,0,0,0,894.400000
725,1,206,2024-08-31,0,0,0,4000.000000
726,1,21,2024-09-02,0,0,0,921.960000
727,1,47,2024-09-02,0,0,0,2370.000000
728,1,224,2024-09-02,0,0,0,550.000000
729,1,224,2024-09-02,0,0,0,540.000000
730,1,43,2024-09-02,0,0,0,85.510000
731,1,161,2024-09-02,0,0,0,100.000000
732,1,69,2024-09-03,0,0,0,1079.900000
733,1,224,2024-09-03,0,0,0,290.000000
734,1,224,2024-09-03,0,0,0,190.000000
735,1,165,2024-09-04,0,0,0,60.000000
736,1,206,2024-09-04,0,0,0,1806.000000
738,1,192,2024-09-04,0,0,0,2450.400000
739,1,11,2024-09-04,0,0,0,1747.320000
740,1,18,2024-09-04,0,0,0,7728.190000
741,1,161,2024-09-05,0,0,0,240.000000
742,1,163,2024-09-06,0,0,0,3339.960000
743,1,206,2024-09-09,0,0,0,551.000000
744,1,112,2024-09-09,0,0,0,3300.480000
745,1,165,2024-09-09,0,0,0,100.000000
746,1,188,2024-09-09,0,0,0,838.620000
747,1,74,2024-09-10,0,0,0,150.000000
748,1,112,2024-09-10,0,0,0,2330.400000
750,1,233,2024-09-10,0,0,0,2000.000000
751,1,112,2024-09-10,0,0,0,323.980000
752,1,112,2024-09-11,0,0,0,647.960000
753,1,164,2024-09-11,0,0,0,871.480000
754,1,112,2024-09-11,0,0,0,2381.880000
755,1,112,2024-09-11,0,0,0,114.400000
756,1,112,2024-09-12,0,0,0,4485.000000
757,1,206,2024-09-12,0,0,0,4767.000000
760,1,152,2024-09-13,0,0,0,800.000000
762,1,190,2024-09-13,0,0,0,5380.000000
763,1,165,2024-09-13,0,0,0,70.000000
764,1,234,2024-09-14,0,0,0,3780.000000
765,1,219,2024-09-14,0,0,0,503.000000
766,1,74,2024-09-16,0,0,0,150.000000
767,1,206,2024-09-16,0,0,0,2389.500000
768,1,233,2024-09-16,0,0,0,366.000000
769,1,112,2024-09-16,0,0,0,297.600000
770,1,112,2024-09-17,0,0,0,695.500000
771,1,112,2024-09-17,0,0,0,286.040000
772,1,18,2024-09-17,0,0,0,8281.700000
773,1,47,2024-09-17,0,0,0,2778.000000
774,1,206,2024-09-18,0,0,0,985.700000
775,1,233,2024-09-19,0,0,0,1140.000000
776,1,112,2024-09-19,0,0,0,804.080000
777,1,161,2024-09-20,0,0,0,1200.000000
779,1,73,2024-09-20,0,0,0,1875.000000
780,1,222,2024-09-21,0,0,0,1420.000000
781,1,139,2024-09-23,0,0,0,1460.000000
782,1,73,2024-09-23,0,0,0,290.000000
783,1,112,2024-09-23,0,0,0,1130.000000
784,1,81,2024-09-23,0,0,0,351.470000
785,1,112,2024-09-24,0,0,0,155.800000
786,1,11,2024-09-24,0,0,0,899.710000
788,1,112,2024-09-25,0,0,0,432.000000
789,1,206,2024-09-25,0,0,0,2472.850000
790,1,139,2024-09-25,0,0,0,1677.000000
791,1,112,2024-09-26,0,0,0,1197.100000
792,1,165,2024-09-27,0,0,0,60.000000
794,1,121,2024-09-27,0,0,0,1360.000000
795,1,163,2024-09-27,0,0,0,658.440000
796,1,112,2024-09-27,0,0,0,1604.520000
798,1,229,2024-09-27,0,0,0,821.620000
799,1,222,2024-10-01,0,0,0,660.000000
800,1,21,2024-10-01,0,0,0,2917.690000
801,1,165,2024-10-01,0,0,0,150.000000
802,1,139,2024-10-01,0,0,0,1240.000000
803,1,206,2024-10-01,0,0,0,946.000000
804,1,222,2024-10-01,0,0,0,3414.000000
805,1,112,2024-10-01,0,0,0,544.580000
806,1,233,2024-10-01,0,0,0,6568.000000
807,1,206,2024-10-01,0,0,0,1900.000000
808,1,18,2024-10-01,0,0,0,3255.960000
809,1,206,2024-10-01,0,0,0,640.000000
810,1,206,2024-10-02,0,0,0,580.000000
811,1,112,2024-10-03,0,0,0,519.810000
812,1,47,2024-10-03,0,0,0,4020.000000
813,1,222,2024-10-03,0,0,0,4226.000000
814,1,206,2024-10-03,0,0,0,520.000000
815,1,43,2024-10-03,0,0,0,78.500000
816,1,206,2024-10-03,0,0,0,903.000000
817,1,165,2024-10-04,0,0,0,140.000000
818,1,190,2024-10-05,0,0,0,6685.000000
819,1,190,2024-10-05,0,0,0,7680.000000
820,1,112,2024-10-07,0,0,0,1371.590000
821,1,25,2024-10-07,0,0,0,728.160000
822,1,219,2024-10-07,0,0,0,180.000000
823,1,73,2024-10-07,0,0,0,170.000000
824,1,139,2024-10-08,0,0,0,293.000000
825,1,175,2024-10-08,0,0,0,2620.000000
826,1,196,2024-10-09,0,0,0,6522.760000
827,1,206,2024-10-09,0,0,0,1120.000000
828,1,196,2024-10-09,0,0,0,1000.000000
829,1,206,2024-10-09,0,0,0,280.000000
830,1,101,2024-10-09,0,0,0,128.000000
832,1,227,2024-10-10,0,0,0,190.000000
833,1,119,2024-10-10,0,0,0,567.500000
834,1,112,2024-10-10,0,0,0,1089.600000
835,1,229,2024-10-11,0,0,0,1128.120000
836,1,219,2024-10-11,0,0,0,65.000000
837,1,192,2024-10-14,0,0,0,4448.160000
838,1,233,2024-10-14,0,0,0,1413.000000
839,1,229,2024-10-14,0,0,0,1525.500000
840,1,11,2024-10-14,0,0,0,1024.920000
841,1,220,2024-10-14,0,0,0,1480.000000
842,1,206,2024-10-14,0,0,0,1200.000000
843,1,139,2024-10-14,0,0,0,1499.800000
844,1,196,2024-10-15,0,0,0,7868.780000
845,1,112,2024-10-16,0,0,0,209.800000
846,1,161,2024-10-16,0,0,0,450.000000
847,1,112,2024-10-16,0,0,0,105.000000
848,1,98,2024-10-16,0,0,0,3432.000000
849,1,229,2024-10-16,0,0,0,2106.160000
852,1,233,2024-10-17,0,0,0,87.000000
853,1,237,2024-10-17,0,0,0,174.340000
854,1,112,2024-10-17,0,0,0,1427.460000
855,1,152,2024-10-17,0,0,0,6552.000000
858,1,229,2024-10-18,0,0,0,1504.430000
859,1,18,2024-10-18,0,0,0,4310.080000
860,1,163,2024-10-18,0,0,0,3498.440000
861,1,222,2024-10-19,0,0,0,3414.000000
862,1,165,2024-10-19,0,0,0,370.000000
864,1,233,2024-10-22,0,0,0,3280.000000
865,1,121,2024-10-22,0,0,0,798.000000
866,1,121,2024-10-22,0,0,0,3133.000000
867,1,238,2024-10-23,0,0,0,90.000000
868,1,239,2024-10-23,0,0,0,20.000000
869,1,112,2024-10-23,0,0,0,225.530000
870,1,81,2024-10-23,0,0,0,400.510000
871,1,229,2024-10-24,0,0,0,95.730000
872,1,206,2024-10-24,0,0,0,1330.000000
873,1,112,2024-10-24,0,0,0,196.040000
874,1,161,2024-10-25,0,0,0,1100.000000
875,1,192,2024-10-26,0,0,0,2141.200000
876,1,86,2024-10-26,0,0,0,320.000000
877,1,206,2024-10-26,0,0,0,912.000000
878,1,112,2024-10-26,0,0,0,225.530000
879,1,203,2024-10-28,0,0,0,525.000000
880,1,229,2024-10-28,0,0,0,575.620000
881,1,112,2024-10-28,0,0,0,903.300000
882,1,43,2024-10-29,0,0,0,58.800000
883,1,206,2024-10-29,0,0,0,920.000000
884,1,112,2024-10-29,0,0,0,1161.400000
885,1,230,2024-10-30,0,0,0,400.000000
886,1,143,2024-10-30,0,0,0,950.000000
887,1,112,2024-10-30,0,0,0,562.600000
888,1,112,2024-10-30,0,0,0,2856.650000
889,1,233,2024-10-30,0,0,0,630.000000
890,1,112,2024-10-30,0,0,0,328.620000
891,1,112,2024-10-31,0,0,0,883.600000
892,1,45,2024-11-01,0,0,0,1900.000000
893,1,112,2024-11-01,0,0,0,5833.170000
894,1,18,2024-11-01,0,0,0,13960.570000
897,1,190,2024-11-01,0,0,0,8090.000000
898,1,21,2024-11-04,0,0,0,1653.050000
899,1,169,2024-11-05,0,0,0,1035.000000
900,1,69,2024-11-05,0,0,0,1709.090000
901,1,19,2024-11-05,0,0,0,798.300000
902,1,81,2024-11-05,0,0,0,1445.760000
903,1,233,2024-11-05,0,0,0,430.000000
904,1,112,2024-11-06,0,0,0,196.440000
905,1,190,2024-11-06,0,0,0,1390.000000
906,1,112,2024-11-07,0,0,0,414.760000
907,1,112,2024-11-07,0,0,0,267.200000
908,1,112,2024-11-08,0,0,0,545.680000
910,1,11,2024-11-08,0,0,0,599.530000
911,1,121,2024-11-08,0,0,0,1538.760000
912,1,78,2024-11-08,0,0,0,642.860000
913,1,47,2024-11-08,0,0,0,5739.400000
914,1,161,2024-11-11,0,0,0,500.000000
915,1,143,2024-11-11,0,0,0,500.000000
918,1,112,2024-11-12,0,0,0,290.800000
919,1,98,2024-11-13,0,0,0,456.000000
921,1,219,2024-11-19,0,0,0,630.000000
922,1,206,2024-11-19,0,0,0,240.000000
923,1,222,2024-11-19,0,0,0,889.000000
924,1,112,2024-11-21,0,0,0,1398.180000
925,1,112,2024-11-22,0,0,0,424.750000
926,1,229,2024-11-22,0,0,0,1952.580000
927,1,163,2024-11-22,0,0,0,1918.360000
928,1,112,2024-11-22,0,0,0,646.400000
929,1,165,2024-11-23,0,0,0,240.000000
930,1,18,2024-11-25,0,0,0,3499.300000
931,1,112,2024-11-25,0,0,0,3919.980000
932,1,112,2024-11-25,0,0,0,602.200000
933,1,81,2024-11-26,0,0,0,565.650000
934,1,112,2024-11-26,0,0,0,786.300000
935,1,190,2024-11-26,0,0,0,2410.000000
936,1,190,2024-11-26,0,0,0,835.000000
937,1,64,2024-11-26,0,0,0,229.410000
939,1,227,2024-11-26,0,0,0,1637.000000
940,1,221,2024-11-27,0,0,0,200.000000
941,1,233,2024-11-28,0,0,0,2109.560000
942,1,112,2024-11-28,0,0,0,4498.350000
943,1,98,2024-11-28,0,0,0,589.000000
944,1,64,2024-11-28,0,0,0,806.430000
945,1,43,2024-11-28,0,0,0,197.980000
946,1,31,2024-11-29,0,0,0,424.000000
947,1,112,2024-11-29,0,0,0,1841.310000
948,1,139,2024-11-30,0,0,0,595.010000
949,1,229,2024-11-30,0,0,0,223.650000
950,1,229,2024-11-30,0,0,0,307.270000
952,1,112,2024-11-30,0,0,0,1028.120000
953,1,74,2024-11-30,0,0,0,195.000000
954,1,12,2024-12-02,0,0,0,2133.260000
955,1,229,2024-12-02,0,0,0,4313.990000
956,1,18,2024-12-03,0,0,0,14676.760000
957,1,233,2024-12-03,0,0,0,185.000000
959,1,152,2024-12-03,0,0,0,210.000000
960,1,246,2024-12-04,0,0,0,840.000000
961,1,112,2024-12-04,0,0,0,1814.560000
962,1,192,2024-12-04,0,0,0,4049.720000
963,1,98,2024-12-04,0,0,0,0.000000
964,1,81,2024-12-04,0,0,0,668.690000
965,1,139,2024-12-05,0,0,0,6837.000000
966,1,69,2024-12-05,0,0,0,415.650000
967,1,21,2024-12-05,0,0,0,1396.830000
968,1,165,2024-12-06,0,0,0,500.000000
969,1,43,2024-12-06,0,0,0,29.410000
970,1,161,2024-12-06,0,0,0,489.230000
971,1,190,2024-12-06,0,0,0,1850.000000
972,1,112,2024-12-06,0,0,0,361.950000
973,1,233,2024-12-06,0,0,0,580.000000
974,1,246,2024-12-06,0,0,0,916.000000
975,1,234,2024-12-07,0,0,0,7560.000000
976,1,73,2024-12-09,0,0,0,1809.000000
977,1,112,2024-12-09,0,0,0,919.040000
979,1,246,2024-12-10,0,0,0,84.000000
981,1,164,2024-12-10,0,0,0,1216.970000
983,1,46,2024-12-10,0,0,0,148.120000
984,1,112,2024-12-10,0,0,0,733.320000
985,1,47,2024-12-10,0,0,0,5916.400000
986,1,112,2024-12-12,0,0,0,544.200000
987,1,233,2024-12-12,0,0,0,232.500000
988,1,187,2024-12-12,0,0,0,157.000000
989,1,103,2024-12-12,0,0,0,1300.000000
990,1,112,2024-12-13,0,0,0,1226.880000
991,1,206,2024-12-13,0,0,0,4480.000000
992,1,121,2024-12-13,0,0,0,794.000000
993,1,161,2024-12-16,0,0,0,895.000000
994,1,112,2024-12-16,0,0,0,4324.540000
995,1,112,2024-12-17,0,0,0,1738.710000
996,1,190,2024-12-19,0,0,0,100.000000
997,1,190,2024-12-19,0,0,0,5825.000000
999,1,163,2024-12-20,0,0,0,1067.580000
1000,1,112,2024-12-20,0,0,0,4564.230000
1001,1,229,2024-12-20,0,0,0,2438.000000
1002,1,81,2024-12-20,0,0,0,94.500000
1003,1,11,2024-12-20,0,0,0,406.240000
1004,1,43,2024-12-20,0,0,0,64.000000
1006,1,252,2024-12-21,0,0,0,438.000000
1007,1,112,2024-12-23,0,0,0,3389.170000
1008,1,62,2024-12-23,0,0,0,1200.000000
1010,1,206,2024-12-24,0,0,0,564.000000
1012,1,253,2024-12-24,0,0,0,835.600000
1013,1,86,2024-12-24,0,0,0,320.000000
1014,1,229,2024-12-26,0,0,0,302.930000
1015,1,165,2024-12-26,0,0,0,140.000000
1016,1,112,2024-12-27,0,0,0,77.320000
1017,1,112,2024-12-27,0,0,0,185.520000
1018,1,97,2024-12-27,0,0,0,3500.000000
1019,1,255,2024-12-28,0,0,0,345.160000
1020,1,139,2024-12-28,0,0,0,3180.000000
1022,1,206,2024-12-30,0,0,0,3404.320000
1023,1,206,2025-01-02,0,0,0,2291.200000
1024,1,161,2025-01-02,0,0,0,50.000000
1025,1,21,2025-01-03,0,0,0,8185.650000
1026,1,18,2025-01-04,0,0,0,20254.070000
1028,1,161,2025-01-06,0,0,0,835.000000
1029,1,112,2025-01-06,0,0,0,1095.750000
1031,1,206,2025-01-07,0,0,0,793.500000
1032,1,112,2025-01-07,0,0,0,7140.640000
1033,1,206,2025-01-08,0,0,0,780.000000
1034,1,112,2025-01-08,0,0,0,724.800000
1035,1,192,2025-01-08,0,0,0,4087.000000
1036,1,112,2025-01-08,0,0,0,1121.760000
1037,1,206,2025-01-08,0,0,0,2800.000000
1038,1,62,2025-01-08,0,0,0,650.000000
1039,1,221,2025-01-09,0,0,0,100.000000
1040,1,230,2025-01-09,0,0,0,190.000000
1041,1,169,2025-01-09,0,0,0,2920.000000
1042,1,69,2025-01-09,0,0,0,369.500000
1043,1,139,2025-01-10,0,0,0,2554.000000
1045,1,73,2025-01-10,0,0,0,1286.100000
1046,1,81,2025-01-10,0,0,0,374.760000
1048,1,12,2025-01-10,0,0,0,5533.350000
1049,1,257,2025-01-10,0,0,0,380.000000
1050,1,112,2025-01-10,0,0,0,3838.360000
1051,1,112,2025-01-10,0,0,0,4028.030000
1052,1,206,2025-01-10,0,0,0,2400.000000
1053,1,163,2025-01-10,0,0,0,16150.000000
1055,1,112,2025-01-13,0,0,0,375.000000
1056,1,73,2025-01-13,0,0,0,222.300000
1057,1,196,2025-01-14,0,0,0,24622.080000
1059,1,165,2025-01-15,0,0,0,100.000000
1060,1,11,2025-01-16,0,0,0,1724.400000
1062,1,206,2025-01-16,0,0,0,1344.000000
1063,1,229,2025-01-16,0,0,0,803.400000
1064,1,229,2025-01-16,0,0,0,556.490000
1065,1,229,2025-01-16,0,0,0,333.250000
1066,1,190,2025-01-17,0,0,0,9195.000000
1067,1,112,2025-01-17,0,0,0,147.300000
1068,1,222,2025-01-17,0,0,0,6948.000000
1070,1,163,2025-01-17,0,0,0,9305.520000
1071,1,229,2025-01-18,0,0,0,1531.700000
1073,1,258,2025-01-18,0,0,0,1250.000000
1074,1,62,2025-01-21,0,0,0,960.000000
1075,1,74,2025-01-21,0,0,0,8000.000000
1076,1,98,2025-01-21,0,0,0,0.000000
1077,1,229,2025-01-21,0,0,0,605.390000
1078,1,46,2025-01-21,0,0,0,444.360000
1079,1,112,2025-01-22,0,0,0,6314.730000
1080,1,112,2025-01-22,0,0,0,114.000000
1081,1,112,2025-01-23,0,0,0,3084.600000
1082,1,246,2025-01-23,0,0,0,168.000000
1083,1,233,2025-01-24,0,0,0,380.000000
1085,1,112,2025-01-24,0,0,0,2113.690000
1086,1,206,2025-01-24,0,0,0,3600.000000
1087,1,222,2025-01-24,0,0,0,1330.000000
1088,1,112,2025-01-24,0,0,0,380.000000
1089,1,74,2025-01-25,0,0,0,800.000000
1090,1,74,2025-01-25,0,0,0,800.000000
1093,1,221,2025-01-28,0,0,0,1850.000000
1094,1,206,2025-01-28,0,0,0,780.000000
1095,1,112,2025-01-29,0,0,0,1732.800000
1096,1,47,2025-01-29,0,0,0,8155.000000
1098,1,43,2025-01-29,0,0,0,56.700000
1099,1,43,2025-01-29,0,0,0,10.000000
1100,1,229,2025-01-29,0,0,0,266.000000
1101,1,74,2025-01-30,0,0,0,1000.000000
1102,1,190,2025-01-30,0,0,0,1845.000000
1103,1,112,2025-01-30,0,0,0,1543.590000
1104,1,112,2025-01-30,0,0,0,8472.540000
1105,1,151,2025-01-30,0,0,0,520.000000
1106,1,139,2025-01-30,0,0,0,3180.000000
1107,1,112,2025-01-30,0,0,0,3583.980000
1109,1,233,2025-01-31,0,0,0,5925.000000
1110,1,206,2025-01-31,0,0,0,3200.000000
1111,1,112,2025-01-31,0,0,0,181.300000
1112,1,43,2025-01-31,0,0,0,137.750000
1113,1,223,2025-01-31,0,0,0,3865.300000
1114,1,203,2025-01-31,0,0,0,700.000000
1115,1,139,2025-02-01,0,0,0,3733.000000
1117,1,253,2025-02-01,0,0,0,947.540000
1118,1,78,2025-02-03,0,0,0,240.000000
1119,1,192,2025-02-03,0,0,0,4971.200000
1120,1,112,2025-02-03,0,0,0,1061.280000
1121,1,206,2025-02-04,0,0,0,1195.500000
1122,1,206,2025-02-04,0,0,0,4611.000000
1123,1,112,2025-02-04,0,0,0,5412.500000
1124,1,222,2025-02-05,0,0,0,1770.000000
1125,1,18,2025-02-06,0,0,0,8556.230000
1126,1,112,2025-02-06,0,0,0,207.500000
1127,1,139,2025-02-06,0,0,0,1004.720000
1128,1,62,2025-02-07,0,0,0,1200.000000
1129,1,163,2025-02-07,0,0,0,1160.000000
1130,1,112,2025-02-07,0,0,0,2489.160000
1131,1,21,2025-02-08,0,0,0,2481.200000
1132,1,229,2025-02-08,0,0,0,424.140000
1133,1,139,2025-02-08,0,0,0,700.000000
1134,1,233,2025-02-08,0,0,0,848.500000
1135,1,112,2025-02-08,0,0,0,3093.460000
1136,1,112,2025-02-08,0,0,0,773.500000
1137,1,112,2025-02-11,0,0,0,1397.760000
1138,1,12,2025-02-11,0,0,0,5343.400000
1139,1,233,2025-02-11,0,0,0,2350.000000
1140,1,69,2025-02-12,0,0,0,865.810000
1141,1,112,2025-02-12,0,0,0,2154.290000
1143,1,112,2025-02-12,0,0,0,4271.520000
1146,1,262,2025-02-13,0,0,0,9664.200000
1147,1,112,2025-02-13,0,0,0,322.500000
1148,1,163,2025-02-14,0,0,0,16500.000000
1149,1,190,2025-02-14,0,0,0,4785.000000
1150,1,222,2025-02-14,0,0,0,4632.000000
1152,1,168,2025-02-17,0,0,0,30.000000
1154,1,229,2025-02-17,0,0,0,1390.990000
1155,1,112,2025-02-18,0,0,0,1225.500000
1156,1,253,2025-02-18,0,0,0,376.000000
1157,1,233,2025-02-18,0,0,0,325.690000
1158,1,98,2025-02-19,0,0,0,0.000000
1159,1,98,2025-02-20,0,0,0,200.000000
1160,1,152,2025-02-20,0,0,0,6552.000000
1161,1,203,2025-02-20,0,0,0,198.000000
1162,1,112,2025-02-20,0,0,0,1092.400000
1163,1,253,2025-02-20,0,0,0,1100.000000
1165,1,264,2025-02-20,0,0,0,2020.000000
1167,1,222,2025-02-20,0,0,0,800.000000
1168,1,161,2025-02-21,0,0,0,320.000000
1169,1,190,2025-02-21,0,0,0,3120.000000
1170,1,253,2025-02-22,0,0,0,1026.000000
1171,1,229,2025-02-24,0,0,0,809.000000
1172,1,190,2025-02-24,0,0,0,3751.000000
1173,1,112,2025-02-24,0,0,0,6648.670000
1174,1,112,2025-02-25,0,0,0,1914.800000
1175,1,161,2025-02-25,0,0,0,40.000000
1176,1,152,2025-02-25,0,0,0,360.000000
1177,1,152,2025-02-25,0,0,0,295.000000
1178,1,206,2025-02-25,0,0,0,620.000000
1179,1,206,2025-02-26,0,0,0,440.000000
1181,1,161,2025-02-26,0,0,0,660.000000
1182,1,29,2025-02-26,0,0,0,733.500000
1183,1,112,2025-02-26,0,0,0,1110.000000
1184,1,175,2025-02-26,0,0,0,1280.000000
1185,1,233,2025-02-27,0,0,0,4460.000000
1186,1,206,2025-02-27,0,0,0,448.000000
1187,1,112,2025-02-28,0,0,0,580.000000
1188,1,73,2025-02-28,0,0,0,1271.160000
1189,1,112,2025-02-28,0,0,0,571.500000
1190,1,81,2025-02-28,0,0,0,272.700000
1191,1,163,2025-03-01,0,0,0,2877.920000
1192,1,112,2025-03-06,0,0,0,2045.020000
1193,1,74,2025-03-06,0,0,0,800.000000
1194,1,18,2025-03-06,0,0,0,12291.830000
1195,1,21,2025-03-06,0,0,0,2987.770000
1196,1,47,2025-03-06,0,0,0,5040.000000
1197,1,69,2025-03-06,0,0,0,454.850000
1199,1,233,2025-03-06,0,0,0,1430.000000
1200,1,112,2025-03-06,0,0,0,350.400000
1201,1,12,2025-03-07,0,0,0,1617.250000
1202,1,11,2025-03-07,0,0,0,856.710000
1203,1,206,2025-03-07,0,0,0,1788.200000
1204,1,123,2025-03-07,0,0,0,850.000000
1205,1,112,2025-03-07,0,0,0,521.880000
1206,1,64,2025-03-07,0,0,0,77.770000
1207,1,73,2025-03-07,0,0,0,139.000000
1208,1,192,2025-03-08,0,0,0,2119.800000
1209,1,112,2025-03-08,0,0,0,7124.060000
1210,1,253,2025-03-08,0,0,0,200.000000
1213,1,43,2025-03-11,0,0,0,92.340000
1214,1,257,2025-03-11,0,0,0,200.070000
1215,1,233,2025-03-11,0,0,0,45.000000
1216,1,206,2025-03-12,0,0,0,735.420000
1217,1,229,2025-03-12,0,0,0,1379.500000
1218,1,112,2025-03-12,0,0,0,714.640000
1219,1,229,2025-03-12,0,0,0,1159.940000
1220,1,165,2025-03-12,0,0,0,500.000000
1221,1,112,2025-03-12,0,0,0,900.000000
1223,1,112,2025-03-13,0,0,0,703.910000
1224,1,112,2025-03-13,0,0,0,157.400000
1225,1,78,2025-03-13,0,0,0,131.300000
1226,1,81,2025-03-13,0,0,0,300.780000
1227,1,112,2025-03-14,0,0,0,1364.400000
1228,1,112,2025-03-14,0,0,0,337.500000
1229,1,62,2025-03-14,0,0,0,1200.000000
1230,1,45,2025-03-17,0,0,0,100.000000
1231,1,163,2025-03-17,0,0,0,914.480000
1233,1,112,2025-03-18,0,0,0,561.320000
1234,1,206,2025-03-18,0,0,0,88.000000
1235,1,227,2025-03-18,0,0,0,586.000000
1236,1,112,2025-03-19,0,0,0,1125.200000
1238,1,112,2025-03-19,0,0,0,606.300000
1239,1,253,2025-03-19,0,0,0,1033.600000
1240,1,196,2025-03-19,0,0,0,19556.430000
1241,1,206,2025-03-19,0,0,0,3609.360000
1242,1,86,2025-03-20,0,0,0,2230.000000
1243,1,143,2025-03-20,0,0,0,110.000000
1244,1,203,2025-03-20,0,0,0,438.760000
1245,1,112,2025-03-20,0,0,0,3529.630000
1246,1,152,2025-03-21,0,0,0,430.010000
1247,1,229,2025-03-21,0,0,0,752.150000
1248,1,112,2025-03-22,0,0,0,1461.880000
1249,1,190,2025-03-22,0,0,0,3120.000000
1250,1,206,2025-03-24,0,0,0,2160.000000
1251,1,253,2025-03-24,0,0,0,210.000000
1252,1,163,2025-03-24,0,0,0,11000.000000
1253,1,229,2025-03-25,0,0,0,753.500000
1254,1,229,2025-03-25,0,0,0,139.700000
1256,1,233,2025-03-25,0,0,0,170.220000
1257,1,112,2025-03-26,0,0,0,5312.000000
1258,1,209,2025-03-26,0,0,0,320.000000
1259,1,112,2025-03-26,0,0,0,1732.800000
1260,1,143,2025-03-26,0,0,0,190.000000
1261,1,112,2025-03-26,0,0,0,2412.000000
1262,1,73,2025-03-27,0,0,0,868.000000
1263,1,221,2025-03-28,0,0,0,350.000000
1264,1,112,2025-03-28,0,0,0,1240.980000
1265,1,73,2025-03-28,0,0,0,1287.000000
1266,1,121,2025-03-31,0,0,0,1814.000000
1267,1,163,2025-03-31,0,0,0,2018.050000
1268,1,221,2025-03-31,0,0,0,1330.000000
1269,1,112,2025-03-31,0,0,0,296.000000
1270,1,112,2025-04-01,0,0,0,1064.090000
1271,1,21,2025-04-01,0,0,0,1981.050000
1272,1,222,2025-04-01,0,0,0,4632.000000
1273,1,64,2025-04-01,0,0,0,2016.080000
1274,1,206,2025-04-01,0,0,0,4920.000000
1276,1,112,2025-04-01,0,0,0,1412.740000
1277,1,112,2025-04-02,0,0,0,1250.000000
1278,1,112,2025-04-02,0,0,0,1333.080000
1279,1,112,2025-04-03,0,0,0,2120.020000
1280,1,139,2025-04-03,0,0,0,1527.000000
1283,1,112,2025-04-03,0,0,0,3699.200000
1285,1,190,2025-04-04,0,0,0,7843.000000
1288,1,161,2025-04-04,0,0,0,540.000000
1289,1,18,2025-04-05,0,0,0,21005.770000
1290,1,253,2025-04-08,0,0,0,5075.770000
1291,1,220,2025-04-08,0,0,0,2400.000000
1292,1,86,2025-04-08,0,0,0,170.000000
1293,1,81,2025-04-08,0,0,0,209.520000
1294,1,112,2025-04-08,0,0,0,1201.000000
1295,1,112,2025-04-08,0,0,0,831.500000
1296,1,112,2025-04-09,0,0,0,1025.420000
1297,1,190,2025-04-09,0,0,0,6414.000000
1298,1,222,2025-04-09,0,0,0,10248.140000
1299,1,45,2025-04-09,0,0,0,1020.000000
1300,1,43,2025-04-10,0,0,0,170.000000
1301,1,25,2025-04-11,0,0,0,687.550000
1302,1,269,2025-04-12,0,0,0,2230.000000
1303,1,43,2025-04-14,0,0,0,180.000000
1304,1,43,2025-04-15,0,0,0,28.360000
1305,1,252,2025-04-15,0,0,0,380.000000
1306,1,43,2025-04-15,0,0,0,249.080000
1307,1,270,2025-04-15,0,0,0,1200.000000
1309,1,112,2025-04-15,0,0,0,1055.760000
1310,1,163,2025-04-16,0,0,0,4279.080000
1311,1,12,2025-04-16,0,0,0,1446.500000
1312,1,86,2025-04-17,0,0,0,2049.000000
1313,1,112,2025-04-17,0,0,0,2238.780000
1314,1,73,2025-04-17,0,0,0,653.400000
1315,1,222,2025-04-19,0,0,0,519.500000
1316,1,190,2025-04-19,0,0,0,3000.000000
1317,1,73,2025-04-22,0,0,0,19.600000
1319,1,198,2025-04-23,0,0,0,62.000000
1320,1,206,2025-04-23,0,0,0,290.000000
1321,1,112,2025-04-23,0,0,0,1714.200000
1323,1,274,2025-04-24,0,0,0,14.000000
1324,1,112,2025-04-25,0,0,0,2141.340000
1325,1,257,2025-04-26,0,0,0,630.000000
1326,1,112,2025-04-29,0,0,0,669.200000
1327,1,139,2025-04-29,0,0,0,1193.800000
1328,1,81,2025-04-29,0,0,0,526.530000
1329,1,161,2025-04-30,0,0,0,145.000000
1330,1,112,2025-05-02,0,0,0,1414.600000
1331,1,18,2025-05-02,0,0,0,13410.870000
1332,1,29,2025-05-02,0,0,0,900.400000
1333,1,206,2025-05-02,0,0,0,1010.800000
1334,1,221,2025-05-03,0,0,0,2330.000000
1335,1,276,2025-05-03,0,0,0,3650.000000
1336,1,233,2025-05-03,0,0,0,14933.600000
1337,1,190,2025-05-03,0,0,0,1500.000000
1338,1,74,2025-05-03,0,0,0,4171.340000
1340,1,43,2025-05-05,0,0,0,198.150000
1341,1,112,2025-05-05,0,0,0,2813.100000
1342,1,165,2025-05-05,0,0,0,700.000000
1344,1,112,2025-05-05,0,0,0,3913.260000
1345,1,21,2025-05-05,0,0,0,4946.910000
1347,1,228,2025-05-05,0,0,0,1480.000000
1348,1,119,2025-05-06,0,0,0,1179.000000
1349,1,112,2025-05-06,0,0,0,5232.700000
1350,1,253,2025-05-06,0,0,0,100.000000
1351,1,139,2025-05-06,0,0,0,6998.700000
1352,1,98,2025-05-07,0,0,0,1585.000000
1353,1,190,2025-05-07,0,0,0,1040.000000
1354,1,277,2025-05-07,0,0,0,33357.460000
1355,1,11,2025-05-07,0,0,0,1069.200000
1356,1,112,2025-05-07,0,0,0,7457.470000
1357,1,112,2025-05-08,0,0,0,1523.700000
1358,1,139,2025-05-09,0,0,0,1134.000000
1359,1,222,2025-05-09,0,0,0,2439.300000
1360,1,222,2025-05-09,0,0,0,1200.000000
1361,1,103,2025-05-09,0,0,0,3550.000000
1366,1,112,2025-05-10,0,0,0,310.360000
1367,1,112,2025-05-12,0,0,0,237.540000
1369,1,233,2025-05-12,0,0,0,115.000000
1370,1,206,2025-05-13,0,0,0,679.800000
1371,1,188,2025-05-13,0,0,0,896.000000
1373,1,265,2025-05-13,0,0,0,1580.000000
1374,1,69,2025-05-13,0,0,0,458.730000
1375,1,112,2025-05-14,0,0,0,306.000000
1376,1,91,2025-05-15,0,0,0,280.000000
1377,1,43,2025-05-15,0,0,0,17.460000
1378,1,81,2025-05-15,0,0,0,456.850000
1379,1,139,2025-05-15,0,0,0,1575.400000
1381,1,279,2025-05-15,0,0,0,480.000000
1382,1,112,2025-05-16,0,0,0,2190.720000
1383,1,222,2025-05-16,0,0,0,3982.000000
1384,1,152,2025-05-16,0,0,0,440.000000
1385,1,112,2025-05-16,0,0,0,321.840000
1386,1,190,2025-05-16,0,0,0,501.000000
1387,1,267,2025-05-16,0,0,0,259.000000
1388,1,164,2025-05-16,0,0,0,420.850000
1389,1,267,2025-05-17,0,0,0,259.000000
1390,1,206,2025-05-17,0,0,0,2928.000000
1392,1,112,2025-05-19,0,0,0,4585.800000
1393,1,12,2025-05-19,0,0,0,4727.900000
1394,1,253,2025-05-20,0,0,0,297.000000
1395,1,209,2025-05-20,0,0,0,540.000000
1396,1,43,2025-05-20,0,0,0,47.000000
1397,1,43,2025-05-20,0,0,0,177.910000
1400,1,280,2025-05-21,0,0,0,350.000000
1401,1,97,2025-05-21,0,0,0,295.000000
1402,1,112,2025-05-21,0,0,0,330.000000
1404,1,222,2025-05-22,0,0,0,779.000000
1405,1,209,2025-05-22,0,0,0,130.000000
1407,1,281,2025-05-22,0,0,0,440.000000
1408,1,253,2025-05-22,0,0,0,400.000000
1409,1,11,2025-05-22,0,0,0,531.240000
1410,1,233,2025-05-22,0,0,0,290.000000
1412,1,74,2025-05-23,0,0,0,140.000000
1413,1,257,2025-05-23,0,0,0,200.070000
1414,1,112,2025-05-23,0,0,0,1565.700000
1415,1,29,2025-05-26,0,0,0,485.500000
1416,1,253,2025-05-27,0,0,0,5628.580000
1417,1,98,2025-05-27,0,0,0,1361.000000
1418,1,112,2025-05-27,0,0,0,3192.850000
1419,1,165,2025-05-28,0,0,0,450.000000
1420,1,112,2025-05-28,0,0,0,385.000000
1421,1,47,2025-05-28,0,0,0,80.000000
1422,1,112,2025-05-29,0,0,0,227.500000
1423,1,73,2025-05-29,0,0,0,317.300000
1424,1,112,2025-05-29,0,0,0,402.500000
1425,1,228,2025-05-30,0,0,0,182.000000
1426,1,163,2025-05-30,0,0,0,2280.000000
1427,1,278,2025-05-30,0,0,0,84.000000
1428,1,43,2025-05-30,0,0,0,46.200000
1429,1,190,2025-05-30,0,0,0,447.000000
1430,1,222,2025-05-30,0,0,0,1380.000000
1431,1,112,2025-05-30,0,0,0,2024.800000
1432,1,229,2025-05-30,0,0,0,321.130000
1433,1,161,2025-05-30,0,0,0,375.000000
1434,1,21,2025-06-02,0,0,0,3286.300000
1436,1,228,2025-06-02,0,0,0,500.000000
1437,1,18,2025-06-02,0,0,0,5782.330000
1438,1,283,2025-06-03,0,0,0,70.000000
1439,1,112,2025-06-03,0,0,0,1944.500000
1440,1,209,2025-06-04,0,0,0,1560.000000
1441,1,112,2025-06-04,0,0,0,499.300000
1442,1,112,2025-06-04,0,0,0,549.350000
1443,1,222,2025-06-05,0,0,0,819.400000
1444,1,206,2025-06-05,0,0,0,2192.000000
1446,1,206,2025-06-06,0,0,0,1000.000000
1447,1,112,2025-06-06,0,0,0,124.020000
1448,1,206,2025-06-06,0,0,0,881.500000
1449,1,237,2025-06-06,0,0,0,92.000000
1451,1,12,2025-06-06,0,0,0,3330.900000
1452,1,233,2025-06-07,0,0,0,396.500000
1453,1,112,2025-06-07,0,0,0,1163.100000
1454,1,278,2025-06-09,0,0,0,252.000000
1455,1,112,2025-06-09,0,0,0,1638.700000
1456,1,81,2025-06-10,0,0,0,84.150000
1457,1,43,2025-06-10,0,0,0,12.000000
1458,1,165,2025-06-10,0,0,0,1500.000000
1459,1,43,2025-06-11,0,0,0,6.780000
1460,1,237,2025-06-11,0,0,0,4.600000
1462,1,161,2025-06-11,0,0,0,155.000000
1463,1,112,2025-06-11,0,0,0,425.120000
1464,1,165,2025-06-12,0,0,0,750.000000
1465,1,139,2025-06-12,0,0,0,11360.000000
1466,1,284,2025-06-12,0,0,0,3233.000000
1467,1,222,2025-06-12,0,0,0,12274.700000
1468,1,112,2025-06-12,0,0,0,148.670000
1469,1,190,2025-06-12,0,0,0,3948.000000
1470,1,164,2025-06-12,0,0,0,709.680000
1472,1,286,2025-06-13,0,0,0,560.000000
1473,1,69,2025-06-13,0,0,0,431.710000
1474,1,237,2025-06-13,0,0,0,71.220000
1475,1,64,2025-06-14,0,0,0,629.530000
1476,1,112,2025-06-14,0,0,0,1037.500000
1477,1,112,2025-06-14,0,0,0,624.000000
1478,1,229,2025-06-14,0,0,0,1283.880000
1479,1,139,2025-06-14,0,0,0,848.280000
1480,1,192,2025-06-16,0,0,0,4126.700000
1481,1,112,2025-06-16,0,0,0,509.800000
1483,1,112,2025-06-17,0,0,0,633.560000
1484,1,233,2025-06-18,0,0,0,1457.400000
1485,1,139,2025-06-18,0,0,0,836.160000
1486,1,287,2025-06-18,0,0,0,2800.000000
1487,1,18,2025-06-20,0,0,0,0.000000
1489,1,206,2025-06-20,0,0,0,1829.000000
1491,1,288,2025-06-21,0,0,0,1420.000000
1493,1,229,2025-06-21,0,0,0,1101.950000
1495,1,278,2025-06-21,0,0,0,210.000000
1496,1,43,2025-06-23,0,0,0,149.000000
1497,1,257,2025-06-24,0,0,0,440.000000
1498,1,152,2025-06-24,0,0,0,470.000000
1499,1,11,2025-06-24,0,0,0,285.600000
1500,1,81,2025-06-24,0,0,0,678.380000
1501,1,86,2025-06-24,0,0,0,15.000000
1502,1,222,2025-06-24,0,0,0,1380.000000
1503,1,253,2025-06-25,0,0,0,320.000000
1504,1,112,2025-06-25,0,0,0,388.520000
1505,1,112,2025-06-25,0,0,0,503.900000
1506,1,112,2025-06-25,0,0,0,5043.840000
1507,1,290,2025-06-25,0,0,0,800.000000
1509,1,29,2025-06-25,0,0,0,2434.530000
1511,1,74,2025-06-25,0,0,0,98.000000
1512,1,165,2025-06-25,0,0,0,500.000000
1513,1,233,2025-06-26,0,0,0,1723.200000
1514,1,112,2025-06-26,0,0,0,224.680000
1515,1,112,2025-06-26,0,0,0,1324.900000
1517,1,291,2025-06-26,0,0,0,72.000000
1518,1,190,2025-06-26,0,0,0,9240.000000
1519,1,112,2025-06-26,0,0,0,1129.680000
1520,1,112,2025-06-26,0,0,0,350.000000
1521,1,112,2025-06-27,0,0,0,250.000000
1522,1,293,2025-06-27,0,0,0,1000.000000
1524,1,294,2025-06-27,0,0,0,559.000000
1525,1,112,2025-06-27,0,0,0,84.800000
1526,1,278,2025-06-30,0,0,0,42.000000
1527,1,74,2025-06-30,0,0,0,200.000000
1528,1,227,2025-06-30,0,0,0,30.000000
1529,1,233,2025-06-30,0,0,0,1148.350000
1530,1,112,2025-06-30,0,0,0,439.800000
1531,1,43,2025-06-30,0,0,0,254.000000
1532,1,62,2025-06-30,0,0,0,32.000000
1534,1,237,2025-07-01,0,0,0,2486.000000
1535,1,18,2025-07-01,0,0,0,12627.860000
1536,1,222,2025-07-01,0,0,0,2488.000000
1537,1,237,2025-07-01,0,0,0,17.450000
1538,1,246,2025-07-02,0,0,0,122.000000
1539,1,43,2025-07-02,0,0,0,11.000000
1540,1,237,2025-07-02,0,0,0,54.000000
1541,1,86,2025-07-02,0,0,0,801.000000
1543,1,43,2025-07-02,0,0,0,20.000000
1544,1,203,2025-07-03,0,0,0,295.000000
1545,1,21,2025-07-03,0,0,0,2699.760000
1547,1,296,2025-07-03,0,0,0,5690.010000
1548,1,228,2025-07-04,0,0,0,99.000000
1549,1,227,2025-07-04,0,0,0,300.000000
1550,1,222,2025-07-04,0,0,0,1629.500000
1552,1,297,2025-07-05,0,0,0,595.250000
1553,1,112,2025-07-08,0,0,0,1299.580000
1554,1,112,2025-07-08,0,0,0,1135.200000
1555,1,98,2025-07-08,0,0,0,934.600000
1556,1,112,2025-07-09,0,0,0,191.800000
1557,1,112,2025-07-09,0,0,0,180.600000
1559,1,47,2025-07-09,0,0,0,175.000000
1560,1,11,2025-07-09,0,0,0,177.600000
1561,1,112,2025-07-10,0,0,0,186.400000
1562,1,165,2025-07-10,0,0,0,150.000000
1563,1,252,2025-07-10,0,0,0,490.000000
1564,1,69,2025-07-10,0,0,0,755.050000
1565,1,206,2025-07-11,0,0,0,750.000000
1566,1,112,2025-07-11,0,0,0,143.500000
1567,1,163,2025-07-11,0,0,0,4534.000000
1568,1,253,2025-07-11,0,0,0,1030.000000
1569,1,233,2025-07-11,0,0,0,1655.000000
1570,1,74,2025-07-12,0,0,0,300.000000
1571,1,298,2025-07-14,0,0,0,500.000000
1572,1,222,2025-07-14,0,0,0,1173.000000
1573,1,121,2025-07-14,0,0,0,550.000000
1574,1,81,2025-07-14,0,0,0,309.600000
1575,1,267,2025-07-14,0,0,0,269.000000
1576,1,112,2025-07-14,0,0,0,895.720000
1577,1,298,2025-07-15,0,0,0,725.000000
1578,1,112,2025-07-15,0,0,0,1360.000000
1579,1,0,2025-07-15,0,0,0,70.000000
1580,1,12,2025-07-15,0,0,0,4892.240000
1581,1,222,2025-07-15,0,0,0,2316.260000
1582,1,81,2025-07-17,0,0,0,1262.830000
1583,1,112,2025-07-17,0,0,0,1569.600000
1584,1,206,2025-07-17,0,0,0,1380.000000
1585,1,233,2025-07-17,0,0,0,110.000000
1586,1,221,2025-07-17,0,0,0,1600.000000
1587,1,253,2025-07-18,0,0,0,1000.000000
1588,1,73,2025-07-18,0,0,0,334.000000
1589,1,97,2025-07-18,0,0,0,1100.000000
1591,1,112,2025-07-18,0,0,0,322.520000
1592,1,222,2025-07-18,0,0,0,1794.000000
1593,1,74,2025-07-18,0,0,0,70.000000
1594,1,112,2025-07-18,0,0,0,718.000000
1595,1,299,2025-07-19,0,0,0,713.910000
1596,1,229,2025-07-19,0,0,0,712.000000
1597,1,18,2025-07-21,0,0,0,2480.000000
1599,1,112,2025-07-22,0,0,0,377.020000
1600,1,112,2025-07-23,0,0,0,140.000000
1601,1,233,2025-07-23,0,0,0,295.600000
1602,1,253,2025-07-23,0,0,0,573.900000
1603,1,43,2025-07-23,0,0,0,290.000000
1606,1,112,2025-07-26,0,0,0,1628.010000
1607,1,112,2025-07-26,0,0,0,806.800000
1608,1,206,2025-07-26,0,0,0,91.200000
1609,1,267,2025-07-28,0,0,0,269.000000
1610,1,190,2025-07-28,0,0,0,718.000000
1611,1,112,2025-07-29,0,0,0,103.580000
1612,1,222,2025-07-29,0,0,0,388.000000
1613,1,152,2025-07-30,0,0,0,5360.000000
1614,1,253,2025-07-30,0,0,0,654.000000
1615,1,161,2025-07-30,0,0,0,3680.000000
1616,1,46,2025-07-31,0,0,0,11.400000
1617,1,253,2025-07-31,0,0,0,270.000000
1619,1,227,2025-08-01,0,0,0,620.000000
1620,1,112,2025-08-01,0,0,0,1270.000000
1621,1,206,2025-08-01,0,0,0,736.000000
1622,1,121,2025-08-01,0,0,0,3005.190000
1624,1,112,2025-08-01,0,0,0,3329.120000
1626,1,229,2025-08-04,0,0,0,1304.990000
1627,1,257,2025-08-04,0,0,0,880.000000
1628,1,112,2025-08-04,0,0,0,615.600000
1629,1,21,2025-08-04,0,0,0,2925.770000
1630,1,287,2025-08-04,0,0,0,6000.000000
1631,1,112,2025-08-05,0,0,0,46.690000
1632,1,229,2025-08-05,0,0,0,1270.000000
1633,1,206,2025-08-06,0,0,0,2252.000000
1634,1,228,2025-08-06,0,0,0,500.000000
1635,1,112,2025-08-06,0,0,0,1361.500000
1636,1,206,2025-08-06,0,0,0,1605.000000
1637,1,206,2025-08-06,0,0,0,760.000000
1638,1,206,2025-08-06,0,0,0,1510.000000
1639,1,143,2025-08-06,0,0,0,470.000000
1640,1,222,2025-08-07,0,0,0,1090.000000
1641,1,301,2025-08-07,0,0,0,208.000000
1642,1,228,2025-08-07,0,0,0,670.000000
1643,1,12,2025-08-07,0,0,0,2287.140000
1644,1,18,2025-08-07,0,0,0,12024.620000
1645,1,112,2025-08-07,0,0,0,4770.000000
1646,1,112,2025-08-07,0,0,0,245.700000
1647,1,203,2025-08-07,0,0,0,104.500000
1648,1,233,2025-08-08,0,0,0,620.600000
1649,1,88,2025-08-09,0,0,0,40.000000
1652,1,26,2025-08-09,0,0,0,41.700000
1653,1,163,2025-08-10,0,0,0,1261.400000
1654,1,112,2025-08-10,0,0,0,397.500000
1655,1,112,2025-08-11,0,0,0,2549.900000
1656,1,112,2025-08-11,0,0,0,2640.700000
1657,1,86,2025-08-12,0,0,0,300.000000
1658,1,139,2025-08-12,0,0,0,4500.000000
1659,1,112,2025-08-12,0,0,0,4436.870000
1660,1,122,2025-08-12,0,0,0,132.210000
1661,1,229,2025-08-12,0,0,0,725.000000
1662,1,112,2025-08-14,0,0,0,1190.900000
1663,1,203,2025-08-14,0,0,0,755.600000
1664,1,253,2025-08-16,0,0,0,490.000000
1665,1,139,2025-08-16,0,0,0,2874.000000
1666,1,163,2025-08-18,0,0,0,3476.600000
1667,1,229,2025-08-18,0,0,0,977.990000
1668,1,112,2025-08-18,0,0,0,1540.200000
1669,1,237,2025-08-18,0,0,0,420.480000
1670,1,195,2025-08-18,0,0,0,3500.000000
1671,1,206,2025-08-18,0,0,0,7400.000000
1672,1,73,2025-08-19,0,0,0,356.760000
1673,1,222,2025-08-19,0,0,0,3378.000000
1674,1,233,2025-08-20,0,0,0,995.040000
1675,1,97,2025-08-21,0,0,0,3500.000000
1676,1,253,2025-08-21,0,0,0,90.000000
1677,1,69,2025-08-21,0,0,0,2018.710000
1678,1,18,2025-08-21,0,0,0,2400.000000
1679,1,165,2025-08-21,0,0,0,450.000000
1680,1,43,2025-08-22,0,0,0,60.910000
1681,1,206,2025-08-23,0,0,0,740.000000
1683,1,303,2025-08-23,0,0,0,3000.000000
1684,1,222,2025-08-23,0,0,0,2502.400000
1685,1,222,2025-08-23,0,0,0,997.500000
1686,1,112,2025-08-23,0,0,0,930.500000
1687,1,29,2025-08-23,0,0,0,1806.000000
1688,1,206,2025-08-23,0,0,0,248.000000
1689,1,152,2025-08-23,0,0,0,280.830000
1690,1,161,2025-08-25,0,0,0,1790.000000
1691,1,195,2025-08-25,0,0,0,19800.000000
1692,1,298,2025-08-25,0,0,0,1260.000000
1693,1,74,2025-08-26,0,0,0,2200.000000
1694,1,43,2025-08-26,0,0,0,650.000000
1695,1,73,2025-08-26,0,0,0,438.120000
1696,1,74,2025-08-27,0,0,0,800.000000
1697,1,206,2025-08-27,0,0,0,190.000000
1698,1,253,2025-08-27,0,0,0,800.700000
1699,1,233,2025-08-27,0,0,0,2084.900000
1701,1,112,2025-08-28,0,0,0,1190.000000
1702,1,121,2025-08-28,0,0,0,1060.000000
1703,1,139,2025-08-28,0,0,0,2969.800000
1704,1,43,2025-08-28,0,0,0,113.000000
1705,1,31,2025-08-28,0,0,0,802.000000
1706,1,206,2025-08-29,0,0,0,1254.000000
1707,1,206,2025-08-29,0,0,0,160.000000
1708,1,255,2025-08-29,0,0,0,437.050000
1709,1,206,2025-08-30,0,0,0,1130.000000
1710,1,304,2025-08-30,0,0,0,2642.040000
1711,1,163,2025-08-30,0,0,0,6522.800000
1714,1,233,2025-09-03,0,0,0,170.000000
1715,1,190,2025-09-04,0,0,0,2452.000000
1716,1,139,2025-09-04,0,0,0,2006.250000
1717,1,206,2025-09-05,0,0,0,1624.000000
1718,1,112,2025-09-05,0,0,0,2970.550000
1719,1,69,2025-09-05,0,0,0,978.410000
1720,1,69,2025-09-05,0,0,0,2364.710000
1721,1,206,2025-09-05,0,0,0,1265.000000
1722,1,112,2025-09-05,0,0,0,453.500000
1723,1,112,2025-09-05,0,0,0,460.830000
1724,1,304,2025-09-05,0,0,0,1589.940000
1725,1,121,2025-09-05,0,0,0,624.000000
1726,1,253,2025-09-05,0,0,0,1683.000000
1727,1,21,2025-09-05,0,0,0,4212.950000
1728,1,206,2025-09-05,0,0,0,324.000000
1729,1,112,2025-09-06,0,0,0,590.000000
1730,1,18,2025-09-06,0,0,0,6464.240000
1731,1,203,2025-09-06,0,0,0,520.000000
1732,1,163,2025-09-06,0,0,0,3570.000000
1733,1,73,2025-09-08,0,0,0,409.060000
1734,1,112,2025-09-08,0,0,0,2311.360000
1735,1,81,2025-09-09,0,0,0,91.800000
1736,1,233,2025-09-09,0,0,0,880.000000
1739,1,305,2025-09-10,0,0,0,91.040000
1740,1,233,2025-09-10,0,0,0,1015.400000
1742,1,112,2025-09-10,0,0,0,1797.350000
1743,1,112,2025-09-11,0,0,0,73.500000
1744,1,281,2025-09-11,0,0,0,440.000000
1745,1,46,2025-09-11,0,0,0,301.450000
1746,1,112,2025-09-12,0,0,0,2251.700000
1747,1,139,2025-09-12,0,0,0,1160.000000
1749,1,43,2025-09-12,0,0,0,47.000000
1750,1,12,2025-09-12,0,0,0,2841.790000
1751,1,64,2025-09-13,0,0,0,4374.320000
1752,1,206,2025-09-15,0,0,0,245.000000
1753,1,112,2025-09-15,0,0,0,787.500000
1754,1,112,2025-09-15,0,0,0,720.000000
1755,1,112,2025-09-16,0,0,0,255.000000
1756,1,203,2025-09-16,0,0,0,1011.470000
1757,1,78,2025-09-16,0,0,0,80.820000
1758,1,233,2025-09-17,0,0,0,340.000000
1759,1,74,2025-09-17,0,0,0,1320.000000
1760,1,278,2025-09-17,0,0,0,168.000000
1761,1,112,2025-09-18,0,0,0,2446.420000
1762,1,222,2025-09-18,0,0,0,440.000000
1763,1,222,2025-09-18,0,0,0,2931.000000
1764,1,81,2025-09-19,0,0,0,184.570000
1765,1,112,2025-09-19,0,0,0,648.000000
1766,1,265,2025-09-19,0,0,0,3600.000000
1767,1,112,2025-09-20,0,0,0,638.000000
1768,1,112,2025-09-20,0,0,0,1357.300000
1769,1,253,2025-09-22,0,0,0,560.000000
1770,1,112,2025-09-23,0,0,0,984.100000
1771,1,233,2025-09-23,0,0,0,1335.000000
1772,1,112,2025-09-23,0,0,0,1098.000000
1773,1,305,2025-09-23,0,0,0,413.820000
1775,1,112,2025-09-24,0,0,0,1069.800000
1776,1,64,2025-09-24,0,0,0,165.790000
1777,1,112,2025-09-24,0,0,0,951.600000
1778,1,64,2025-09-25,0,0,0,1237.940000
1780,1,112,2025-09-26,0,0,0,192.200000
1781,1,112,2025-09-26,0,0,0,534.750000
1782,1,112,2025-09-26,0,0,0,822.540000
1783,1,121,2025-09-26,0,0,0,2177.360000
1784,1,19,2025-09-26,0,0,0,160.000000
1785,1,112,2025-09-26,0,0,0,1343.370000
1786,1,112,2025-09-26,0,0,0,317.500000
1787,1,203,2025-09-27,0,0,0,250.000000
1788,1,112,2025-09-27,0,0,0,1473.660000
1789,1,29,2025-09-29,0,0,0,1100.000000
1790,1,306,2025-09-29,0,0,0,4313.200000
1791,1,253,2025-09-29,0,0,0,1073.500000
1792,1,307,2025-09-29,0,0,0,15010.930000
1793,1,233,2025-09-29,0,0,0,498.000000
1794,1,112,2025-09-29,0,0,0,417.920000
1795,1,305,2025-09-30,0,0,0,295.990000
1796,1,222,2025-09-30,0,0,0,4100.000000
1797,1,112,2025-09-30,0,0,0,417.920000
1798,1,112,2025-09-30,0,0,0,438.800000
1799,1,112,2025-10-01,0,0,0,424.640000
1801,1,198,2025-10-01,0,0,0,240.000000
1802,1,112,2025-10-01,0,0,0,954.360000
1803,1,278,2025-10-02,0,0,0,42.000000
1804,1,253,2025-10-02,0,0,0,1475.100000
1805,1,112,2025-10-02,0,0,0,1228.000000
1806,1,74,2025-10-02,0,0,0,246.740000
1807,1,21,2025-10-03,0,0,0,2972.680000
1808,1,161,2025-10-03,0,0,0,850.000000
1809,1,18,2025-10-06,0,0,0,8912.410000
1812,1,308,2025-10-07,0,0,0,100.000000
1813,1,163,2025-10-07,0,0,0,3360.000000
1815,1,101,2025-10-08,0,0,0,34.000000
1816,1,206,2025-10-08,0,0,0,160.000000
1817,1,112,2025-10-08,0,0,0,597.660000
1818,1,206,2025-10-09,0,0,0,6830.000000
1819,1,308,2025-10-09,0,0,0,100.000000
1820,1,206,2025-10-09,0,0,0,706.400000
1821,1,121,2025-10-10,0,0,0,1124.100000
1822,1,73,2025-10-10,0,0,0,458.000000
1824,1,139,2025-10-11,0,0,0,1890.000000
1825,1,112,2025-10-11,0,0,0,2276.200000
1826,1,139,2025-10-13,0,0,0,3028.200000
1827,1,74,2025-10-13,0,0,0,1146.000000
1828,1,165,2025-10-13,0,0,0,200.000000
1829,1,43,2025-10-13,0,0,0,181.180000
1830,1,112,2025-10-13,0,0,0,2607.600000
1831,1,233,2025-10-14,0,0,0,3259.400000
1832,1,152,2025-10-14,0,0,0,205.000000
1833,1,253,2025-10-14,0,0,0,440.000000
1834,1,143,2025-10-14,0,0,0,350.000000
1835,1,203,2025-10-15,0,0,0,560.000000
1836,1,228,2025-10-16,0,0,0,90.000000
1837,1,86,2025-10-16,0,0,0,120.000000
1838,1,74,2025-10-16,0,0,0,300.000000
1841,1,309,2025-10-17,0,0,0,325.000000
1842,1,165,2025-10-17,0,0,0,250.000000
1843,1,112,2025-10-18,0,0,0,2021.980000
1844,1,112,2025-10-18,0,0,0,1181.700000
1845,1,112,2025-10-18,0,0,0,365.150000
1846,1,163,2025-10-18,0,0,0,2660.000000
1847,1,206,2025-10-18,0,0,0,850.000000
1848,1,64,2025-10-20,0,0,0,1528.960000
1849,1,12,2025-10-21,0,0,0,5223.420000
1851,1,310,2025-10-21,0,0,0,741.000000
1852,1,310,2025-10-21,0,0,0,169.750000
1853,1,43,2025-10-21,0,0,0,150.000000
1854,1,122,2025-10-21,0,0,0,150.000000
1855,1,112,2025-10-22,0,0,0,2780.740000
1856,1,258,2025-10-23,0,0,0,1347.000000
1857,1,11,2025-10-23,0,0,0,439.500000
1858,1,222,2025-10-23,0,0,0,1528.500000
1859,1,258,2025-10-23,0,0,0,5210.000000
1860,1,74,2025-10-23,0,0,0,117.000000
1861,1,112,2025-10-23,0,0,0,776.320000
1862,1,112,2025-10-23,0,0,0,2342.200000
1863,1,233,2025-10-23,0,0,0,3270.000000
1864,1,206,2025-10-23,0,0,0,8010.000000
1865,1,43,2025-10-23,0,0,0,244.000000
1866,1,31,2025-10-24,0,0,0,280.000000
1867,1,112,2025-10-25,0,0,0,593.440000
1869,1,311,2025-10-27,0,0,0,1445.000000
1870,1,74,2025-10-27,0,0,0,500.000000
1871,1,112,2025-10-27,0,0,0,152.400000
1872,1,281,2025-10-27,0,0,0,540.000000
1873,1,112,2025-10-27,0,0,0,330.000000
1874,1,222,2025-10-27,0,0,0,1734.500000
1875,1,112,2025-10-27,0,0,0,525.250000
1876,1,112,2025-10-27,0,0,0,1196.230000
1877,1,112,2025-10-28,0,0,0,6825.170000
1878,1,161,2025-10-29,0,0,0,35.000000
1879,1,91,2025-10-29,0,0,0,2016.000000
1880,1,29,2025-10-29,0,0,0,513.000000
1881,1,233,2025-10-29,0,0,0,1826.000000
1882,1,112,2025-10-29,0,0,0,837.400000
1883,1,206,2025-10-30,0,0,0,1987.000000
1884,1,222,2025-10-31,0,0,0,598.000000
1885,1,112,2025-11-01,0,0,0,1457.640000
1886,1,163,2025-11-01,0,0,0,7400.000000
1887,1,69,2025-11-03,0,0,0,850.600000
1888,1,198,2025-11-03,0,0,0,78.000000
1889,1,103,2025-11-03,0,0,0,180.000000
1890,1,21,2025-11-04,0,0,0,1690.500000
1891,1,112,2025-11-04,0,0,0,1395.110000
1892,1,98,2025-11-04,0,0,0,810.000000
1893,1,81,2025-11-05,0,0,0,1872.000000
1894,1,161,2025-11-05,0,0,0,28.700000
1895,1,18,2025-11-06,0,0,0,10031.610000
1896,1,237,2025-11-06,0,0,0,180.000000
1897,1,43,2025-11-06,0,0,0,126.000000
1898,1,168,2025-11-10,0,0,0,180.000000
1899,1,277,2025-11-11,0,0,0,30039.230000
1900,1,11,2025-11-11,0,0,0,261.600000
1901,1,206,2025-11-11,0,0,0,1483.000000
1902,1,206,2025-11-11,0,0,0,4520.000000
1903,1,101,2025-11-11,0,0,0,38.400000
1904,1,163,2025-11-11,0,0,0,1190.000000
1905,1,112,2025-11-11,0,0,0,254.750000
1906,1,112,2025-11-11,0,0,0,661.600000
1907,1,43,2025-11-11,0,0,0,114.860000
1908,1,310,2025-11-12,0,0,0,148.200000
1909,1,310,2025-11-12,0,0,0,369.000000
1910,1,310,2025-11-12,0,0,0,2565.500000
1911,1,310,2025-11-12,0,0,0,431.280000
1912,1,47,2025-11-12,0,0,0,1030.000000
1913,1,112,2025-11-12,0,0,0,482.850000
1915,1,112,2025-11-13,0,0,0,2028.020000
1916,1,112,2025-11-14,0,0,0,954.630000
1917,1,221,2025-11-14,0,0,0,150.000000
1918,1,112,2025-11-17,0,0,0,3037.480000
1919,1,269,2025-11-18,0,0,0,255.000000
1920,1,112,2025-11-18,0,0,0,383.740000
1921,1,69,2025-11-18,0,0,0,169.600000
1922,1,121,2025-11-18,0,0,0,3056.040000
1923,1,112,2025-11-18,0,0,0,2463.670000
1924,1,112,2025-11-19,0,0,0,200.000000
1925,1,112,2025-11-19,0,0,0,1274.000000
1926,1,139,2025-11-19,0,0,0,960.000000
1927,1,73,2025-11-21,0,0,0,241.560000
1928,1,139,2025-11-24,0,0,0,312.000000
1929,1,269,2025-11-24,0,0,0,75.000000
1931,1,112,2025-11-24,0,0,0,1021.000000
1932,1,86,2025-11-25,0,0,0,169.000000
1933,1,112,2025-11-25,0,0,0,366.000000
1934,1,310,2025-11-26,0,0,0,67.890000
1935,1,112,2025-11-26,0,0,0,420.000000
1936,1,43,2025-11-26,0,0,0,47.790000
1937,1,237,2025-11-26,0,0,0,19.050000
1938,1,265,2025-11-27,0,0,0,1816.000000
1939,1,165,2025-11-27,0,0,0,80.000000
1940,1,112,2025-11-28,0,0,0,1000.000000
1941,1,163,2025-11-28,0,0,0,4960.000000
1942,1,112,2025-11-28,0,0,0,3514.290000
1943,1,222,2025-11-28,0,0,0,2495.000000
1944,1,74,2025-11-28,0,0,0,1300.000000
1945,1,253,2025-11-28,0,0,0,4382.850000
1946,1,139,2025-12-01,0,0,0,3679.920000
1947,1,233,2025-12-01,0,0,0,68.000000
1948,1,253,2025-12-01,0,0,0,1000.000000
1949,1,233,2025-12-02,0,0,0,6050.000000
1950,1,206,2025-12-02,0,0,0,5066.520000
1951,1,139,2025-12-02,0,0,0,3679.920000
1953,1,315,2025-12-03,0,0,0,700.000000
1954,1,18,2025-12-03,0,0,0,8248.530000
1955,1,21,2025-12-03,0,0,0,1332.000000
1956,1,310,2025-12-03,0,0,0,264.900000
1957,1,206,2025-12-03,0,0,0,560.000000
1958,1,112,2025-12-04,0,0,0,645.730000
1959,1,112,2025-12-04,0,0,0,92.880000
1960,1,258,2025-12-04,0,0,0,2934.000000
1961,1,81,2025-12-05,0,0,0,674.930000
1962,1,278,2025-12-05,0,0,0,210.000000
1963,1,163,2025-12-05,0,0,0,1520.000000
1964,1,12,2025-12-05,0,0,0,2137.500000
1965,1,112,2025-12-08,0,0,0,4031.410000
1967,1,203,2025-12-08,0,0,0,325.000000
1968,1,112,2025-12-08,0,0,0,1686.360000
1969,1,253,2025-12-09,0,0,0,394.400000
1970,1,119,2025-12-09,0,0,0,99.000000
1971,1,73,2025-12-09,0,0,0,54.400000
1972,1,112,2025-12-10,0,0,0,879.500000
1973,1,233,2025-12-10,0,0,0,530.000000
1974,1,198,2025-12-10,0,0,0,45.000000
1975,1,43,2025-12-10,0,0,0,5.000000
1976,1,165,2025-12-11,0,0,0,50.000000
1978,1,112,2025-12-11,0,0,0,332.000000
1979,1,112,2025-12-11,0,0,0,893.900000
1980,1,280,2025-12-11,0,0,0,80.000000
1981,1,190,2025-12-11,0,0,0,10960.000000
1982,1,190,2025-12-12,0,0,0,3100.000000
1983,1,265,2025-12-12,0,0,0,160.000000
1984,1,163,2025-12-12,0,0,0,1119.840000
1985,1,121,2025-12-12,0,0,0,909.120000
1986,1,12,2025-12-13,0,0,0,5579.750000
1987,1,203,2025-12-13,0,0,0,433.000000
1988,1,310,2025-12-15,0,0,0,132.500000
1989,1,112,2025-12-15,0,0,0,401.200000
1990,1,222,2025-12-15,0,0,0,160.000000
1991,1,253,2025-12-17,0,0,0,578.000000
1992,1,301,2025-12-18,0,0,0,178.400000
1993,1,237,2025-12-19,0,0,0,25.000000
1994,1,163,2025-12-19,0,0,0,2546.200000
1995,1,112,2025-12-19,0,0,0,125.000000
1996,1,206,2025-12-19,0,0,0,868.200000
1997,1,315,2025-12-20,0,0,0,800.000000
1998,1,221,2025-12-20,0,0,0,200.000000
1999,1,258,2025-12-22,0,0,0,968.000000
2000,1,165,2025-12-22,0,0,0,450.000000
2001,1,278,2025-12-23,0,0,0,168.000000
2002,1,221,2025-12-23,0,0,0,100.000000
2003,1,315,2025-12-23,0,0,0,200.000000
2004,1,112,2025-12-23,0,0,0,3212.700000
2005,1,81,2025-12-23,0,0,0,250.200000
2006,1,81,2025-12-23,0,0,0,519.750000
2008,1,139,2025-12-23,0,0,0,760.420000
2009,1,229,2025-12-23,0,0,0,643.000000
2010,1,139,2025-12-23,0,0,0,1191.200000
2011,1,112,2025-12-23,0,0,0,155.930000
2012,1,233,2025-12-24,0,0,0,580.000000
2014,1,237,2025-12-29,0,0,0,9.950000
2016,1,221,2025-12-30,0,0,0,150.000000
2017,1,293,2025-12-30,0,0,0,2200.000000
2018,1,221,2026-01-01,0,0,0,686.010000
2019,1,221,2026-01-03,0,0,0,200.000000
2020,1,18,2026-01-05,0,0,0,15595.000000
2021,1,81,2026-01-05,0,0,0,266.400000
2023,1,112,2026-01-05,0,0,0,1437.100000
2024,1,206,2026-01-05,0,0,0,3700.000000
2025,1,21,2026-01-05,0,0,0,4231.160000
2026,1,112,2026-01-05,0,0,0,2612.870000
2028,1,112,2026-01-06,0,0,0,551.200000
2029,1,265,2026-01-06,0,0,0,834.500000
2031,1,233,2026-01-07,0,0,0,250.000000
2032,1,73,2026-01-07,0,0,0,351.910000
2033,1,112,2026-01-07,0,0,0,409.820000
2034,1,206,2026-01-07,0,0,0,1242.000000
2035,1,229,2026-01-07,0,0,0,554.000000
2036,1,112,2026-01-08,0,0,0,405.720000
2037,1,112,2026-01-08,0,0,0,2516.030000
2038,1,265,2026-01-08,0,0,0,2001.700000
2039,1,81,2026-01-09,0,0,0,115.400000
2040,1,112,2026-01-09,0,0,0,743.420000
2041,1,112,2026-01-09,0,0,0,457.310000
2043,1,86,2026-01-09,0,0,0,669.600000
2044,1,112,2026-01-10,0,0,0,120.000000
2045,1,221,2026-01-10,0,0,0,380.000000
2046,1,139,2026-01-12,0,0,0,2199.000000
2047,1,310,2026-01-12,0,0,0,289.000000
2048,1,310,2026-01-12,0,0,0,501.880000
2049,1,62,2026-01-12,0,0,0,140.000000
2050,1,233,2026-01-13,0,0,0,410.000000
2051,1,206,2026-01-14,0,0,0,418.000000
2052,1,206,2026-01-14,0,0,0,955.000000
2053,1,206,2026-01-14,0,0,0,753.000000
2055,1,206,2026-01-15,0,0,0,1216.000000
2056,1,121,2026-01-16,0,0,0,2887.350000
2058,1,206,2026-01-17,0,0,0,1080.000000
2059,1,206,2026-01-17,0,0,0,1095.800000
2060,1,318,2026-01-17,0,0,0,4620.000000
2061,1,12,2026-01-17,0,0,0,2473.250000
2062,1,315,2026-01-19,0,0,0,350.000000
2063,1,206,2026-01-20,0,0,0,881.180000
2064,1,265,2026-01-20,0,0,0,800.000000
2065,1,206,2026-01-20,0,0,0,230.000000
2066,1,97,2026-01-21,0,0,0,250.000000
2067,1,69,2026-01-21,0,0,0,621.730000
2068,1,11,2026-01-21,0,0,0,267.080000
2069,1,222,2026-01-21,0,0,0,800.000000
2070,1,203,2026-01-21,0,0,0,250.000000
2071,1,165,2026-01-22,0,0,0,350.000000
2072,1,262,2026-01-22,0,0,0,4832.100000
2074,1,206,2026-01-23,0,0,0,240.000000
2075,1,206,2026-01-26,0,0,0,228.000000
2076,1,206,2026-01-27,0,0,0,190.000000
2077,1,206,2026-01-27,0,0,0,1758.000000
2078,1,121,2026-01-27,0,0,0,2603.700000
2079,1,112,2026-01-28,0,0,0,561.000000
2080,1,315,2026-01-28,0,0,0,500.000000
2081,1,112,2026-01-28,0,0,0,811.770000
2082,1,64,2026-01-28,0,0,0,2542.110000
2083,1,112,2026-01-29,0,0,0,7141.730000
2084,1,206,2026-01-29,0,0,0,1514.000000
2085,1,233,2026-01-29,0,0,0,2848.000000
2087,1,112,2026-01-30,0,0,0,614.560000
2088,1,112,2026-01-30,0,0,0,1344.640000
2089,1,73,2026-01-30,0,0,0,307.510000
2090,1,112,2026-01-31,0,0,0,1767.250000
2091,1,206,2026-01-31,0,0,0,5755.000000
2092,1,18,2026-02-02,0,0,0,17077.090000
2093,1,294,2026-02-03,0,0,0,140.000000
2094,1,112,2026-02-04,0,0,0,1017.440000
2095,1,74,2026-02-04,0,0,0,230.000000
2096,1,112,2026-02-04,0,0,0,1204.630000
2097,1,21,2026-02-04,0,0,0,1527.350000
2098,1,112,2026-02-04,0,0,0,138.500000
2099,1,294,2026-02-04,0,0,0,1125.960000
2100,1,112,2026-02-04,0,0,0,1530.400000
2101,1,206,2026-02-04,0,0,0,1450.000000
2102,1,315,2026-02-04,0,0,0,300.000000
2103,1,233,2026-02-05,0,0,0,643.000000
2104,1,31,2026-02-05,0,0,0,1055.000000
2105,1,121,2026-02-05,0,0,0,3053.100000
2106,1,152,2026-02-05,0,0,0,617.540000
2107,1,112,2026-02-05,0,0,0,1377.880000
2108,1,43,2026-02-05,0,0,0,10.500000
2109,1,112,2026-02-06,0,0,0,391.840000
2110,1,163,2026-02-06,0,0,0,1780.000000
2111,1,206,2026-02-06,0,0,0,2110.000000
2112,1,222,2026-02-07,0,0,0,2328.000000
2113,1,69,2026-02-09,0,0,0,1601.000000
2114,1,280,2026-02-09,0,0,0,120.000000
2115,1,310,2026-02-11,0,0,0,350.000000
2116,1,74,2026-02-11,0,0,0,982.000000
2117,1,206,2026-02-12,0,0,0,2175.000000
2118,1,74,2026-02-12,0,0,0,145.000000
2119,1,163,2026-02-12,0,0,0,7079.900000
2120,1,265,2026-02-14,0,0,0,1002.300000
2121,1,112,2026-02-14,0,0,0,267.300000
2122,1,190,2026-02-16,0,0,0,556.000000
2123,1,161,2026-02-16,0,0,0,100.000000
2125,1,206,2026-02-18,0,0,0,518.000000
2126,1,112,2026-02-18,0,0,0,3994.860000
2127,1,315,2026-02-18,0,0,0,5150.000000
2128,1,206,2026-02-19,0,0,0,380.000000
2129,1,233,2026-02-19,0,0,0,884.000000
2130,1,287,2026-02-19,0,0,0,9900.000000
2131,1,163,2026-02-20,0,0,0,2680.000000
2132,1,315,2026-02-20,0,0,0,300.000000
2133,1,265,2026-02-20,0,0,0,2093.770000
2134,1,206,2026-02-20,0,0,0,1040.000000
2135,1,308,2026-02-20,0,0,0,25.000000
2136,1,139,2026-02-20,0,0,0,3016.200000
2137,1,112,2026-02-21,0,0,0,2358.970000
2138,1,206,2026-02-21,0,0,0,444.000000
2139,1,206,2026-02-21,0,0,0,785.000000
2140,1,74,2026-02-23,0,0,0,2800.000000
2141,1,12,2026-02-23,0,0,0,3458.300000
2144,1,112,2026-02-23,0,0,0,817.600000
2145,1,311,2026-02-24,0,0,0,261.000000
2146,1,112,2026-02-24,0,0,0,877.000000
2147,1,193,2026-02-25,0,0,0,0.000000
2148,1,308,2026-02-25,0,0,0,250.000000
2149,1,112,2026-02-25,0,0,0,170.160000
2150,1,73,2026-02-25,0,0,0,50.000000
2151,1,206,2026-02-26,0,0,0,2543.000000
2152,1,265,2026-02-26,0,0,0,1667.500000
2153,1,112,2026-02-27,0,0,0,1175.000000
2154,1,209,2026-02-27,0,0,0,2270.000000
2155,1,112,2026-02-27,0,0,0,3158.620000
2156,1,190,2026-02-27,0,0,0,3250.000000
2157,1,74,2026-02-27,0,0,0,800.000000
2158,1,18,2026-03-02,0,0,0,15989.940000
2159,1,81,2026-03-02,0,0,0,176.450000
2160,1,21,2026-03-02,0,0,0,3082.810000
2162,1,112,2026-03-03,0,0,0,1680.160000
2163,1,112,2026-03-03,0,0,0,372.500000
2164,1,161,2026-03-03,0,0,0,95.000000
2165,1,43,2026-03-03,0,0,0,53.880000
2166,1,112,2026-03-03,0,0,0,1558.790000
2167,1,47,2026-03-03,0,0,0,200.000000
2168,1,206,2026-03-04,0,0,0,440.880000
2169,1,47,2026-03-04,0,0,0,100.000000
2170,1,112,2026-03-04,0,0,0,530.000000
2171,1,47,2026-03-05,0,0,0,180.000000
2172,1,74,2026-03-05,0,0,0,450.000000
2173,1,19,2026-03-05,0,0,0,628.500000
2174,1,203,2026-03-05,0,0,0,360.000000
2175,1,233,2026-03-05,0,0,0,760.000000
2176,1,73,2026-03-06,0,0,0,950.000000
2177,1,222,2026-03-06,0,0,0,1597.800000
2179,1,112,2026-03-06,0,0,0,354.520000
2180,1,112,2026-03-06,0,0,0,500.000000
2181,1,112,2026-03-06,0,0,0,405.000000
2182,1,29,2026-03-07,0,0,0,425.250000
2183,1,112,2026-03-10,0,0,0,2660.000000
2184,1,69,2026-03-10,0,0,0,210.500000
2186,1,112,2026-03-10,0,0,0,558.300000
2187,1,310,2026-03-11,0,0,0,988.400000
2188,1,112,2026-03-12,0,0,0,95.940000
2189,1,112,2026-03-12,0,0,0,206.250000
2190,1,206,2026-03-13,0,0,0,2100.000000
2191,1,86,2026-03-13,0,0,0,1650.000000
2192,1,29,2026-03-13,0,0,0,265.200000
2193,1,112,2026-03-14,0,0,0,832.640000
2194,1,206,2026-03-16,0,0,0,417.200000
2195,1,43,2026-03-16,0,0,0,174.450000
2196,1,206,2026-03-17,0,0,0,720.000000
2197,1,112,2026-03-17,0,0,0,213.500000
2198,1,12,2026-03-18,0,0,0,7143.300000
2199,1,112,2026-03-18,0,0,0,168.730000
2201,1,195,2026-03-18,0,0,0,1200.000000
2205,1,112,2026-03-20,0,0,0,1870.250000
2206,1,112,2026-03-21,0,0,0,794.120000
2207,1,294,2026-03-21,0,0,0,340.560000
2208,1,112,2026-03-23,0,0,0,3456.650000
2209,1,265,2026-03-24,0,0,0,149.800000
2211,1,222,2026-03-24,0,0,0,670.000000
2212,1,253,2026-03-24,0,0,0,4862.950000
2214,1,325,2026-03-24,0,0,0,280.000000
2215,1,112,2026-03-24,0,0,0,1361.350000
2216,1,315,2026-03-24,0,0,0,300.000000
2217,1,112,2026-03-25,0,0,0,1398.790000
2219,1,326,2026-03-25,0,0,0,2522.000000
2220,1,81,2026-03-25,0,0,0,171.500000
2221,1,222,2026-03-25,0,0,0,1746.000000
2222,1,18,2026-03-25,0,0,0,1960.000000
2223,1,265,2026-03-25,0,0,0,375.000000
2224,1,228,2026-03-26,0,0,0,100.000000
2225,1,112,2026-03-26,0,0,0,330.680000
2226,1,229,2026-03-27,0,0,0,889.480000
2227,1,78,2026-03-27,0,0,0,111.300000
2228,1,163,2026-03-27,0,0,0,3355.700000
2229,1,69,2026-03-27,0,0,0,389.850000
2230,1,265,2026-03-30,0,0,0,765.400000
2231,1,62,2026-03-30,0,0,0,427.200000
2232,1,294,2026-03-30,0,0,0,285.000000
2233,1,296,2026-03-30,0,0,0,90.000000
2234,1,74,2026-03-30,0,0,0,200.000000
2235,1,233,2026-03-31,0,0,0,600.000000
2236,1,112,2026-03-31,0,0,0,1425.000000
2237,1,311,2026-03-31,0,0,0,1770.000000
2238,1,112,2026-03-31,0,0,0,1362.240000
2239,1,18,2026-04-01,0,0,0,15902.450000
2240,1,112,2026-04-01,0,0,0,584.780000
2241,1,206,2026-04-01,0,0,0,1260.000000
2242,1,69,2026-04-01,0,0,0,0.000000
2243,1,206,2026-04-01,0,0,0,780.000000
2244,1,222,2026-04-01,0,0,0,2637.000000
2245,1,258,2026-04-01,0,0,0,7450.000000
2246,1,112,2026-04-02,0,0,0,3707.550000
2247,1,308,2026-04-02,0,0,0,330.000000
2248,1,236,2026-04-02,0,0,0,133.660000
2249,1,43,2026-04-02,0,0,0,48.000000
2250,1,237,2026-04-02,0,0,0,80.000000
2251,1,253,2026-04-02,0,0,0,98.600000
2252,1,21,2026-04-06,0,0,0,324.500000
2253,1,19,2026-04-06,0,0,0,452.000000
2254,1,12,2026-04-06,0,0,0,3369.000000
2255,1,163,2026-04-06,0,0,0,4635.700000
2256,1,112,2026-04-06,0,0,0,1551.240000
2257,1,206,2026-04-06,0,0,0,3272.000000
2258,1,293,2026-04-07,0,0,0,35.000000
2259,1,206,2026-04-07,0,0,0,1880.000000
2260,1,18,2026-04-07,0,0,0,360.000000
2261,1,112,2026-04-07,0,0,0,451.000000
2262,1,112,2026-04-09,0,0,0,1350.000000
2263,1,112,2026-04-09,0,0,0,302.520000
2264,1,43,2026-04-09,0,0,0,36.770000
2265,1,237,2026-04-09,0,0,0,40.000000
2266,1,195,2026-04-09,0,0,0,3400.000000
2267,1,43,2026-04-09,0,0,0,16.900000
2268,1,112,2026-04-10,0,0,0,190.990000
2269,1,112,2026-04-10,0,0,0,714.100000
2270,1,265,2026-04-10,0,0,0,497.500000
2271,1,0,2026-04-10,0,0,0,5250.000000
2272,1,163,2026-04-10,0,0,0,546.200000
2273,1,237,2026-04-10,0,0,0,160.000000
2274,1,310,2026-04-13,0,0,0,1729.700000
2275,1,310,2026-04-13,0,0,0,83.580000
2276,1,310,2026-04-13,0,0,0,1235.500000
2277,1,199,2026-04-14,0,0,0,791.000000
2278,1,265,2026-04-14,0,0,0,310.000000
2279,1,258,2026-04-14,0,0,0,196.000000
2280,1,280,2026-04-14,0,0,0,150.000000
