branch_code,payment_method_code,year,month,total_issued,total_paid
1,1,2008,12,169247.590000,0.000000
1,1,2009,1,52022.950000,0.000000
1,1,2009,2,76113.680000,0.000000
1,1,2009,3,76604.800000,0.000000
1,1,2009,4,57153.850000,0.000000
1,1,2009,5,95311.950000,0.000000
1,1,2009,6,108324.940000,0.000000
1,1,2009,7,85127.000000,0.000000
1,1,2009,8,70432.260000,0.000000
1,1,2009,9,105345.950000,0.000000
1,1,2009,10,102715.580000,0.000000
1,1,2009,11,63538.900000,0.000000
1,1,2009,12,101876.800000,0.000000
1,1,2010,1,76949.320000,0.000000
1,1,2010,2,90152.290000,0.000000
1,1,2010,3,130752.100000,0.000000
1,1,2010,4,84020.970000,0.000000
1,1,2010,5,113928.700000,0.000000
1,1,2010,6,70867.800000,0.000000
1,1,2010,7,120839.000000,0.000000
1,1,2010,8,133325.860000,0.000000
1,1,2010,9,101189.740000,0.000000
1,1,2010,10,86252.910000,0.000000
1,1,2010,11,87239.050000,0.000000
1,1,2010,12,119706.120000,0.000000
1,1,2011,1,79852.980000,0.000000
1,1,2011,2,108936.540000,0.000000
1,1,2011,3,137538.070000,0.000000
1,1,2011,4,87686.400000,0.000000
1,1,2011,5,117421.320000,0.000000
1,1,2011,6,175070.390000,0.000000
1,1,2011,7,111201.530000,0.000000
1,1,2011,8,113675.550000,0.000000
1,1,2011,9,119095.090000,0.000000
1,1,2011,10,141482.430000,0.000000
1,1,2011,11,77726.180000,0.000000
1,1,2011,12,73726.680000,0.000000
1,1,2012,1,104023.770000,0.000000
1,1,2012,2,95612.080000,0.000000
1,1,2012,3,116411.860000,0.000000
1,1,2012,4,84186.500000,0.000000
1,1,2012,5,125311.430000,0.000000
1,1,2012,6,128390.830000,0.000000
1,1,2012,7,116485.530000,0.000000
1,1,2012,8,115789.630000,0.000000
1,1,2012,9,111617.100000,0.000000
1,1,2012,10,117928.540000,0.000000
1,1,2012,11,114062.280000,0.000000
1,1,2012,12,82170.530000,0.000000
1,1,2013,1,99615.340000,0.000000
1,1,2013,2,87778.600000,0.000000
1,1,2013,3,106157.260000,0.000000
1,1,2013,4,122313.930000,0.000000
1,1,2013,5,160472.230000,0.000000
1,1,2013,6,142420.870000,0.000000
1,1,2013,7,118324.260000,0.000000
1,1,2013,8,119405.160000,0.000000
1,1,2013,9,131072.130000,0.000000
1,1,2013,10,101277.740000,0.000000
1,1,2013,11,88922.460000,0.000000
1,1,2013,12,111784.680000,0.000000
1,1,2014,1,86010.300000,0.000000
1,1,2014,2,107337.760000,0.000000
1,1,2014,3,85483.480000,0.000000
1,1,2014,4,86137.890000,0.000000
1,1,2014,5,106187.650000,0.000000
1,1,2014,6,106756.270000,0.000000
1,1,2014,7,107241.550000,0.000000
1,1,2014,8,91005.690000,0.000000
1,1,2014,9,81980.470000,0.000000
1,1,2014,10,95106.100000,0.000000
1,1,2014,11,99669.280000,0.000000
1,1,2014,12,82415.640000,0.000000
1,1,2015,1,126276.750000,0.000000
1,1,2015,2,116587.840000,0.000000
1,1,2015,3,97185.480000,0.000000
1,1,2015,4,58733.010000,0.000000
1,1,2015,5,93746.670000,0.000000
1,1,2015,6,98664.510000,0.000000
1,1,2015,7,137981.480000,0.000000
1,1,2015,8,120235.960000,0.000000
1,1,2015,9,107370.380000,0.000000
1,1,2015,10,97493.950000,0.000000
1,1,2015,11,69985.720000,0.000000
1,1,2015,12,116464.910000,0.000000
1,1,2016,1,166116.830000,0.000000
1,1,2016,2,113312.930000,0.000000
1,1,2016,3,100965.870000,0.000000
1,1,2016,4,85589.470000,0.000000
1,1,2016,5,94196.140000,0.000000
1,1,2016,6,93023.700000,0.000000
1,1,2016,7,141233.430000,0.000000
1,1,2016,8,98149.500000,0.000000
1,1,2016,9,98453.810000,0.000000
1,1,2016,10,70239.470000,0.000000
1,1,2016,11,135860.460000,0.000000
1,1,2016,12,86168.770000,0.000000
1,1,2017,1,126483.040000,0.000000
1,1,2017,2,89989.500000,0.000000
1,1,2017,3,135443.310000,0.000000
1,1,2017,4,139765.850000,0.000000
1,1,2017,5,148913.970000,0.000000
1,1,2017,6,103919.060000,0.000000
1,1,2017,7,110265.160000,0.000000
1,1,2017,8,104865.760000,0.000000
1,1,2017,9,111704.450000,0.000000
1,1,2017,10,112984.810000,0.000000
1,1,2017,11,116587.280000,0.000000
1,1,2017,12,102985.910000,0.000000
1,1,2018,1,115600.720000,0.000000
1,1,2018,2,84143.940000,0.000000
1,1,2018,3,156331.170000,0.000000
1,1,2018,4,107508.580000,0.000000
1,1,2018,5,139273.250000,0.000000
1,1,2018,6,141844.840000,0.000000
1,1,2018,7,143188.200000,0.000000
1,1,2018,8,100367.380000,0.000000
1,1,2018,9,156786.750000,0.000000
1,1,2018,10,192558.930000,0.000000
1,1,2018,11,164697.090000,0.000000
1,1,2018,12,157130.690000,0.000000
1,1,2019,1,145649.220000,0.000000
1,1,2019,2,113063.190000,0.000000
1,1,2019,3,79157.290000,0.000000
1,1,2019,4,115205.830000,0.000000
1,1,2019,5,173841.810000,0.000000
1,1,2019,6,168164.230000,0.000000
1,1,2019,7,132236.422000,0.000000
1,1,2019,8,178007.650000,0.000000
1,1,2019,9,200479.220000,0.000000
1,1,2019,10,165623.205000,0.000000
1,1,2019,11,106529.810000,0.000000
1,1,2019,12,305.000000,0.000000
1,1,2020,7,107166.340000,0.000000
1,1,2020,8,157854.760000,0.000000
1,1,2020,9,191042.308000,0.000000
1,1,2020,10,172342.260000,0.000000
1,1,2020,11,199842.712500,0.000000
1,1,2020,12,318638.220000,0.000000
1,1,2021,1,235009.137000,0.000000
1,1,2021,2,205579.400000,0.000000
1,1,2021,3,248310.329900,0.000000
1,1,2021,4,132464.638000,0.000000
1,1,2021,5,305134.888000,0.000000
1,1,2021,6,315150.320000,0.000000
1,1,2021,7,234057.880000,0.000000
1,1,2021,8,204586.018000,0.000000
1,1,2021,9,305648.828900,0.000000
1,1,2021,10,235482.568000,0.000000
1,1,2021,11,236039.660000,0.000000
1,1,2021,12,293864.720000,0.000000
1,1,2022,1,155252.987000,0.000000
1,1,2022,2,294367.510000,0.000000
1,1,2022,3,274134.110000,0.000000
1,1,2022,4,242118.540000,0.000000
1,1,2022,5,253058.340000,0.000000
1,1,2022,6,282383.860000,0.000000
1,1,2022,7,227784.835000,0.000000
1,1,2022,8,284785.150000,0.000000
1,1,2022,9,306986.960000,0.000000
1,1,2022,10,341758.816000,0.000000
1,1,2022,11,268766.540000,0.000000
1,1,2022,12,309660.830800,0.000000
1,1,2023,1,192260.650000,0.000000
1,1,2023,2,212367.920000,0.000000
1,1,2023,3,356828.163000,0.000000
1,1,2023,4,226588.760000,0.000000
1,1,2023,5,351582.635000,0.000000
1,1,2023,6,227809.938000,0.000000
1,1,2023,7,340490.230000,0.000000
1,1,2023,8,377823.573300,0.000000
1,1,2023,9,220454.909900,0.000000
1,1,2023,10,322975.428500,0.000000
1,1,2023,11,237159.202200,0.000000
1,1,2023,12,276494.068000,0.000000
1,1,2024,1,195457.700000,0.000000
1,1,2024,2,286613.830200,0.000000
1,1,2024,3,285194.980000,0.000000
1,1,2024,4,161047.308500,0.000000
1,1,2024,5,367933.260000,0.000000
1,1,2024,6,199252.640000,0.000000
1,1,2024,7,260838.610000,0.000000
1,1,2024,8,170893.670000,0.000000
1,1,2024,9,196922.440000,0.000000
1,1,2024,10,366333.600000,0.000000
1,1,2024,11,279013.559600,0.000000
1,1,2024,12,179951.945000,0.000000
1,1,2025,1,254513.670000,0.000000
1,1,2025,2,121088.070000,0.000000
1,1,2025,3,233335.500600,0.000000
1,1,2025,4,260119.367000,0.000000
1,1,2025,5,230943.650000,0.000000
1,1,2025,6,293676.280000,0.000000
1,1,2025,7,294086.040000,0.000000
1,1,2025,8,241780.680000,0.000000
1,1,2025,9,307053.779200,0.000000
1,1,2025,10,328906.690000,0.000000
1,1,2025,11,182789.450000,0.000000
1,1,2025,12,186163.530000,0.000000
1,1,2026,1,269144.864000,0.000000
1,1,2026,2,231911.900000,0.000000
1,1,2026,3,265989.930000,0.000000
1,1,2026,4,254613.282000,0.000000
1,1,2026,5,182403.587400,0.000000
1,2,2009,1,150.000000,0.000000
1,2,2009,3,225.000000,0.000000
1,2,2009,6,257.000000,0.000000
1,2,2009,7,545.000000,0.000000
1,2,2009,8,100.000000,0.000000
1,2,2009,12,3478.000000,0.000000
1,2,2010,3,500.000000,0.000000
1,2,2010,4,122.000000,0.000000
1,2,2010,5,508.000000,0.000000
1,2,2010,6,3413.000000,0.000000
1,2,2010,7,2331.800000,0.000000
1,2,2010,8,6895.400000,0.000000
1,2,2010,9,84.000000,0.000000
1,2,2010,10,1000.000000,0.000000
1,2,2010,11,108.000000,0.000000
1,2,2010,12,1359.550000,0.000000
1,2,2011,1,745.000000,0.000000
1,2,2011,3,1487.000000,0.000000
1,2,2011,4,300.000000,0.000000
1,2,2011,5,1019.000000,0.000000
1,2,2011,6,545.000000,0.000000
1,2,2011,7,130.000000,0.000000
1,2,2011,8,1400.000000,0.000000
1,2,2011,12,850.000000,0.000000
1,2,2012,1,1698.500000,0.000000
1,2,2012,2,1260.000000,0.000000
1,2,2012,3,299.000000,0.000000
1,2,2012,4,900.000000,0.000000
1,2,2012,5,500.800000,0.000000
1,2,2012,6,2901.800000,0.000000
1,2,2012,7,1737.000000,0.000000
1,2,2012,8,7615.440000,0.000000
1,2,2012,10,5410.000000,0.000000
1,2,2012,11,90.000000,0.000000
1,2,2012,12,2732.700000,0.000000
1,2,2013,1,3162.390000,0.000000
1,2,2013,2,1877.180000,0.000000
1,2,2013,3,150.000000,0.000000
1,2,2013,5,71.000000,0.000000
1,2,2013,6,5287.000000,0.000000
1,2,2013,8,900.000000,0.000000
1,2,2013,9,2070.440000,0.000000
1,2,2013,10,249.000000,0.000000
1,2,2013,11,18.500000,0.000000
1,2,2013,12,170.000000,0.000000
1,2,2014,1,3786.430000,0.000000
1,2,2014,2,200.000000,0.000000
1,2,2014,3,103.000000,0.000000
1,2,2014,4,39.000000,0.000000
1,2,2014,5,3891.000000,0.000000
1,2,2014,6,4062.740000,0.000000
1,2,2014,7,188.500000,0.000000
1,2,2014,8,1610.210000,0.000000
1,2,2014,9,7468.270000,0.000000
1,2,2014,10,9089.000000,0.000000
1,2,2014,11,906.000000,0.000000
1,2,2014,12,1027.000000,0.000000
1,2,2015,1,2106.000000,0.000000
1,2,2015,2,939.000000,0.000000
1,2,2015,3,3402.620000,0.000000
1,2,2015,4,5543.000000,0.000000
1,2,2015,5,2939.570000,0.000000
1,2,2015,7,2509.240000,0.000000
1,2,2015,10,933.000000,0.000000
1,2,2015,11,1132.890000,0.000000
1,2,2015,12,2070.000000,0.000000
1,2,2016,1,402.000000,0.000000
1,2,2016,2,676.670000,0.000000
1,2,2016,3,6059.000000,0.000000
1,2,2016,5,182.500000,0.000000
1,2,2016,8,4732.000000,0.000000
1,2,2016,9,6005.480000,0.000000
1,2,2016,10,1055.000000,0.000000
1,2,2016,11,992.000000,0.000000
1,2,2016,12,1715.000000,0.000000
1,2,2017,2,1876.700000,0.000000
1,2,2017,3,305.320000,0.000000
1,2,2017,4,2120.000000,0.000000
1,2,2017,5,1138.000000,0.000000
1,2,2017,6,406.000000,0.000000
1,2,2017,10,4394.850000,0.000000
1,2,2017,11,5021.920000,0.000000
1,2,2017,12,3334.610000,0.000000
1,2,2018,1,1093.500000,0.000000
1,2,2018,2,1800.000000,0.000000
1,2,2018,4,1511.760000,0.000000
1,2,2018,5,2618.280000,0.000000
1,2,2018,6,2052.460000,0.000000
1,2,2018,7,300.000000,0.000000
1,2,2018,8,1171.400000,0.000000
1,2,2018,9,3032.300000,0.000000
1,2,2018,10,2799.000000,0.000000
1,2,2018,11,1000.000000,0.000000
1,2,2018,12,1752.000000,0.000000
1,2,2019,2,1823.000000,0.000000
1,2,2019,3,1800.000000,0.000000
1,2,2019,5,1555.540000,0.000000
1,2,2019,6,6563.260000,0.000000
1,2,2019,7,3069.270000,0.000000
1,2,2019,8,7704.120000,0.000000
1,2,2019,9,100.000000,0.000000
1,2,2019,10,2759.950000,0.000000
1,2,2019,11,954.770000,0.000000
1,2,2020,7,3860.000000,0.000000
1,2,2020,8,3016.940000,0.000000
1,2,2020,9,5168.780000,0.000000
1,2,2020,10,2550.850000,0.000000
1,2,2020,12,2050.470000,0.000000
1,2,2021,1,5110.000000,0.000000
1,2,2021,2,84.000000,0.000000
1,2,2021,3,9048.610000,0.000000
1,2,2021,4,2883.000000,0.000000
1,2,2021,5,8831.950000,0.000000
1,2,2021,6,3061.060000,0.000000
1,2,2021,7,14364.360000,0.000000
1,2,2021,8,1355.300000,0.000000
1,2,2021,9,1734.770000,0.000000
1,2,2021,10,100.000000,0.000000
1,2,2021,11,1514.000000,0.000000
1,2,2021,12,8929.400000,0.000000
1,2,2022,1,6668.920000,0.000000
1,2,2022,2,5841.490000,0.000000
1,2,2022,3,12155.970000,0.000000
1,2,2022,4,2880.740000,0.000000
1,2,2022,5,658.800000,0.000000
1,2,2022,6,5386.290000,0.000000
1,2,2022,7,8183.410000,0.000000
1,2,2022,8,4078.000000,0.000000
1,2,2022,9,2976.760000,0.000000
1,2,2022,10,4817.910000,0.000000
1,2,2022,11,5089.510000,0.000000
1,2,2022,12,2871.960000,0.000000
1,2,2023,1,1688.060000,0.000000
1,2,2023,2,1908.350000,0.000000
1,2,2023,3,8089.240000,0.000000
1,2,2023,4,10657.010000,0.000000
1,2,2023,5,2459.250000,0.000000
1,2,2023,6,2103.070000,0.000000
1,2,2023,7,6212.670000,0.000000
1,2,2023,8,9219.600000,0.000000
1,2,2023,9,6109.660000,0.000000
1,2,2023,10,9812.260000,0.000000
1,2,2023,11,9044.390000,0.000000
1,2,2023,12,1897.000000,0.000000
1,2,2024,1,701.860000,0.000000
1,2,2024,2,12280.560000,0.000000
1,2,2024,3,14658.640000,0.000000
1,2,2024,4,11720.790000,0.000000
1,2,2024,5,8279.550000,0.000000
1,2,2024,6,408.010000,0.000000
1,2,2024,7,5308.470000,0.000000
1,2,2024,8,6169.440000,0.000000
1,2,2024,9,1238.290000,0.000000
1,2,2024,10,8832.130000,0.000000
1,2,2024,11,11248.170000,0.000000
1,2,2024,12,20270.905000,0.000000
1,2,2025,1,24762.270000,0.000000
1,2,2025,2,53278.550000,0.000000
1,2,2025,3,25374.610000,0.000000
1,2,2025,4,7521.770000,0.000000
1,2,2025,5,11290.490000,0.000000
1,2,2025,6,10632.070000,0.000000
1,2,2025,7,14166.460000,0.000000
1,2,2025,8,24941.120000,0.000000
1,2,2025,9,41676.900000,0.000000
1,2,2025,10,33319.200000,0.000000
1,2,2025,11,60550.210000,0.000000
1,2,2025,12,6877.470000,0.000000
1,2,2026,1,24772.240000,0.000000
1,2,2026,2,11942.080000,0.000000
1,2,2026,3,8475.120000,0.000000
1,2,2026,4,18181.820000,0.000000
1,2,2026,5,6589.420000,0.000000
1,3,2009,5,390.000000,0.000000
1,3,2009,8,6695.000000,0.000000
1,3,2009,10,85.000000,0.000000
1,3,2010,2,72.000000,0.000000
1,3,2010,3,87.000000,0.000000
1,3,2010,8,1000.000000,0.000000
1,3,2010,9,159.000000,0.000000
1,3,2010,10,450.000000,0.000000
1,3,2010,12,502.000000,0.000000
1,3,2011,1,390.000000,0.000000
1,3,2011,2,1260.000000,0.000000
1,3,2011,3,400.000000,0.000000
1,3,2011,4,1550.000000,0.000000
1,3,2011,5,2695.000000,0.000000
1,3,2011,6,370.000000,0.000000
1,3,2011,7,189.000000,0.000000
1,3,2011,8,50.000000,0.000000
1,3,2011,9,53.000000,0.000000
1,3,2011,11,80.000000,0.000000
1,3,2011,12,539.000000,0.000000
1,3,2012,1,1198.000000,0.000000
1,3,2012,2,1380.000000,0.000000
1,3,2012,3,63.700000,0.000000
1,3,2012,4,68.000000,0.000000
1,3,2012,5,1128.000000,0.000000
1,3,2012,6,4036.000000,0.000000
1,3,2012,7,1209.000000,0.000000
1,3,2012,8,2735.000000,0.000000
1,3,2012,9,366.000000,0.000000
1,3,2012,10,1012.100000,0.000000
1,3,2012,11,3734.000000,0.000000
1,3,2012,12,360.000000,0.000000
1,3,2013,1,144.000000,0.000000
1,3,2013,2,1038.000000,0.000000
1,3,2013,3,1500.000000,0.000000
1,3,2013,4,315.000000,0.000000
1,3,2013,5,1745.000000,0.000000
1,3,2013,7,866.000000,0.000000
1,3,2013,8,4424.000000,0.000000
1,3,2013,9,2897.000000,0.000000
1,3,2013,12,1991.000000,0.000000
1,3,2014,1,665.000000,0.000000
1,3,2014,2,464.350000,0.000000
1,3,2014,3,459.630000,0.000000
1,3,2014,4,1112.000000,0.000000
1,3,2014,5,2282.000000,0.000000
1,3,2014,6,1248.000000,0.000000
1,3,2014,7,315.500000,0.000000
1,3,2014,8,4364.000000,0.000000
1,3,2014,9,1677.000000,0.000000
1,3,2014,10,527.000000,0.000000
1,3,2014,12,2717.000000,0.000000
1,3,2015,1,1780.000000,0.000000
1,3,2015,2,619.000000,0.000000
1,3,2015,3,750.000000,0.000000
1,3,2015,4,49.000000,0.000000
1,3,2015,5,3065.000000,0.000000
1,3,2015,6,190.000000,0.000000
1,3,2015,7,987.430000,0.000000
1,3,2015,8,614.750000,0.000000
1,3,2015,10,1120.000000,0.000000
1,3,2015,11,473.810000,0.000000
1,3,2016,2,338.330000,0.000000
1,3,2016,3,781.000000,0.000000
1,3,2016,4,165.000000,0.000000
1,3,2016,5,289.500000,0.000000
1,3,2016,6,1047.200000,0.000000
1,3,2016,7,277.730000,0.000000
1,3,2017,3,252.660000,0.000000
1,3,2017,5,215.480000,0.000000
1,3,2017,6,80.000000,0.000000
1,3,2017,10,354.850000,0.000000
1,3,2018,1,150.000000,0.000000
1,3,2018,5,28.900000,0.000000
1,3,2018,7,70.000000,0.000000
1,3,2018,11,300.000000,0.000000
1,3,2019,10,347.000000,0.000000
1,3,2020,7,133.000000,0.000000
1,3,2020,10,470.000000,0.000000
1,3,2020,12,1200.000000,0.000000
1,3,2021,1,840.000000,0.000000
1,3,2021,2,590.000000,0.000000
1,3,2021,3,3834.800000,0.000000
1,3,2021,4,3558.440000,0.000000
1,3,2021,5,1316.900000,0.000000
1,3,2021,6,2455.000000,0.000000
1,3,2021,7,950.000000,0.000000
1,3,2021,8,907.000000,0.000000
1,3,2021,9,1899.290000,0.000000
1,3,2021,10,685.000000,0.000000
1,3,2021,11,4899.600000,0.000000
1,3,2021,12,3137.540000,0.000000
1,3,2022,1,955.650000,0.000000
1,3,2022,2,325.000000,0.000000
1,3,2022,3,1776.610000,0.000000
1,3,2022,4,2010.980000,0.000000
1,3,2022,5,892.000000,0.000000
1,3,2022,6,7147.530000,0.000000
1,3,2022,7,781.790000,0.000000
1,3,2022,8,2931.960000,0.000000
1,3,2022,9,2321.000000,0.000000
1,3,2022,10,2903.280000,0.000000
1,3,2022,11,8153.000000,0.000000
1,3,2022,12,2248.000000,0.000000
1,3,2023,1,2301.510000,0.000000
1,3,2023,2,459.020000,0.000000
1,3,2023,3,579.300000,0.000000
1,3,2023,4,7510.830000,0.000000
1,3,2023,5,350.000000,0.000000
1,3,2023,6,2801.780000,0.000000
1,3,2023,7,12830.700000,0.000000
1,3,2023,8,3597.270000,0.000000
1,3,2023,9,434.000000,0.000000
1,3,2023,10,3273.810000,0.000000
1,3,2023,11,1771.720000,0.000000
1,3,2023,12,4505.180000,0.000000
1,3,2024,1,5502.980000,0.000000
1,3,2024,2,1407.510000,0.000000
1,3,2024,3,1282.890000,0.000000
1,3,2024,4,3175.350000,0.000000
1,3,2024,5,14223.850000,0.000000
1,3,2024,6,4205.699000,0.000000
1,3,2024,7,7028.740000,0.000000
1,3,2024,8,4804.820000,0.000000
1,3,2024,9,6753.636000,0.000000
1,3,2024,10,2796.750000,0.000000
1,3,2024,11,2685.000000,0.000000
1,3,2024,12,15796.290000,0.000000
1,3,2025,1,8013.070000,0.000000
1,3,2025,2,6870.890000,0.000000
1,3,2025,3,12936.450000,0.000000
1,3,2025,4,15124.800000,0.000000
1,3,2025,5,5101.510000,0.000000
1,3,2025,6,15120.645000,0.000000
1,3,2025,7,4062.220000,0.000000
1,3,2025,8,773.340000,0.000000
1,3,2025,9,6927.860000,0.000000
1,3,2025,10,3180.360000,0.000000
1,3,2025,11,1994.290000,0.000000
1,3,2025,12,3005.910000,0.000000
1,3,2026,1,3389.080000,0.000000
1,3,2026,2,7153.140000,0.000000
1,3,2026,3,7654.310000,0.000000
1,3,2026,4,6422.485000,0.000000
1,3,2026,5,2974.650000,0.000000
1,4,2010,3,979.500000,0.000000
1,4,2010,12,500.000000,0.000000
1,4,2011,4,303.300000,0.000000
1,4,2011,5,2026.500000,0.000000
1,4,2011,9,3152.200000,0.000000
1,4,2011,10,1727.000000,0.000000
1,4,2011,11,3300.000000,0.000000
1,4,2011,12,2177.000000,0.000000
1,4,2012,1,30.000000,0.000000
1,4,2012,2,1000.000000,0.000000
1,4,2012,4,132.000000,0.000000
1,4,2012,8,780.000000,0.000000
1,4,2012,9,330.000000,0.000000
1,4,2012,10,1000.000000,0.000000
1,4,2012,11,1119.000000,0.000000
1,4,2013,1,2956.500000,0.000000
1,4,2013,2,65.000000,0.000000
1,4,2013,4,3027.000000,0.000000
1,4,2013,5,2178.100000,0.000000
1,4,2013,6,570.000000,0.000000
1,4,2013,7,365.080000,0.000000
1,4,2013,8,1268.000000,0.000000
1,4,2013,9,2797.800000,0.000000
1,4,2013,10,3270.000000,0.000000
1,4,2013,11,2275.520000,0.000000
1,4,2014,1,596.500000,0.000000
1,4,2014,2,309.000000,0.000000
1,4,2014,3,3464.500000,0.000000
1,4,2014,4,1088.000000,0.000000
1,4,2014,5,1405.000000,0.000000
1,4,2014,6,162.000000,0.000000
1,4,2014,7,565.000000,0.000000
1,4,2014,8,1704.000000,0.000000
1,4,2014,10,523.000000,0.000000
1,4,2014,11,653.000000,0.000000
1,4,2014,12,266.400000,0.000000
1,4,2015,1,994.630000,0.000000
1,4,2015,2,2097.000000,0.000000
1,4,2015,5,1560.000000,0.000000
1,4,2015,6,600.000000,0.000000
1,4,2015,7,120.000000,0.000000
1,4,2015,8,2667.310000,0.000000
1,4,2015,9,445.000000,0.000000
1,4,2015,10,3540.000000,0.000000
1,4,2015,11,412.830000,0.000000
1,4,2015,12,60.000000,0.000000
1,4,2016,1,570.000000,0.000000
1,4,2016,2,1690.610000,0.000000
1,4,2016,3,884.000000,0.000000
1,4,2016,6,2119.350000,0.000000
1,4,2016,8,788.720000,0.000000
1,4,2016,9,90.000000,0.000000
1,4,2016,10,754.040000,0.000000
1,4,2016,11,117.000000,0.000000
1,4,2016,12,3797.000000,0.000000
1,4,2017,2,430.480000,0.000000
1,4,2017,3,60.220000,0.000000
1,4,2017,4,3727.500000,0.000000
1,4,2017,5,324.630000,0.000000
1,4,2017,6,4532.810000,0.000000
1,4,2017,7,3844.000000,0.000000
1,4,2017,8,1427.000000,0.000000
1,4,2017,9,1231.000000,0.000000
1,4,2017,10,1837.470000,0.000000
1,4,2017,11,310.590000,0.000000
1,4,2017,12,1830.680000,0.000000
1,4,2018,1,939.000000,0.000000
1,4,2018,2,800.000000,0.000000
1,4,2018,3,2506.550000,0.000000
1,4,2018,4,3516.850000,0.000000
1,4,2018,5,2693.000000,0.000000
1,4,2018,6,2270.000000,0.000000
1,4,2018,7,1907.000000,0.000000
1,4,2018,8,955.000000,0.000000
1,4,2018,9,6957.610000,0.000000
1,4,2018,10,3380.000000,0.000000
1,4,2018,11,720.000000,0.000000
1,4,2018,12,3308.000000,0.000000
1,4,2019,1,685.000000,0.000000
1,4,2019,2,9177.000000,0.000000
1,4,2019,3,4398.770000,0.000000
1,4,2019,4,3340.000000,0.000000
1,4,2019,5,406.000000,0.000000
1,4,2019,6,8455.800000,0.000000
1,4,2019,7,8119.880000,0.000000
1,4,2019,8,6992.980000,0.000000
1,4,2019,9,2228.950000,0.000000
1,4,2019,10,3446.900000,0.000000
1,4,2019,11,5076.820000,0.000000
1,4,2020,7,8470.080000,0.000000
1,4,2020,8,3129.780000,0.000000
1,4,2020,9,9242.300000,0.000000
1,4,2020,10,1154.650000,0.000000
1,4,2020,11,5192.100000,0.000000
1,4,2020,12,2185.000000,0.000000
1,4,2021,1,13797.960000,0.000000
1,4,2021,2,1160.000000,0.000000
1,4,2021,3,9174.540000,0.000000
1,4,2021,4,1620.000000,0.000000
1,4,2021,5,2996.000000,0.000000
1,4,2021,6,757.000000,0.000000
1,4,2021,7,5036.660000,0.000000
1,4,2021,8,1016.000000,0.000000
1,4,2021,9,18723.230000,0.000000
1,4,2021,10,2477.280000,0.000000
1,4,2021,11,3284.080000,0.000000
1,4,2021,12,27355.090000,0.000000
1,4,2022,1,6728.080000,0.000000
1,4,2022,2,6112.680000,0.000000
1,4,2022,3,20992.490000,0.000000
1,4,2022,4,2657.450000,0.000000
1,4,2022,5,3482.000000,0.000000
1,4,2022,6,13259.740000,0.000000
1,4,2022,7,805.000000,0.000000
1,4,2022,8,2011.600000,0.000000
1,4,2022,9,1184.610000,0.000000
1,4,2022,10,10831.955000,0.000000
1,4,2022,11,5486.530000,0.000000
1,4,2022,12,1548.110000,0.000000
1,4,2023,1,1510.780000,0.000000
1,4,2023,2,4371.050000,0.000000
1,4,2023,3,3250.890000,0.000000
1,4,2023,4,12606.220000,0.000000
1,4,2023,5,41546.410000,0.000000
1,4,2023,6,10643.810000,0.000000
1,4,2023,7,16879.110000,0.000000
1,4,2023,8,12311.480000,0.000000
1,4,2023,9,439.350000,0.000000
1,4,2023,10,5308.650000,0.000000
1,4,2023,11,10356.880800,0.000000
1,4,2023,12,3743.190000,0.000000
1,4,2024,1,17210.090000,0.000000
1,4,2024,2,12703.160000,0.000000
1,4,2024,3,20685.960000,0.000000
1,4,2024,4,14426.077500,0.000000
1,4,2024,5,4195.210000,0.000000
1,4,2024,6,20937.481000,0.000000
1,4,2024,7,34510.180000,0.000000
1,4,2024,8,40863.424000,0.000000
1,4,2024,9,11152.402000,0.000000
1,4,2024,10,6970.750000,0.000000
1,4,2024,11,14792.480000,0.000000
1,4,2024,12,20763.890000,0.000000
1,4,2025,1,21195.890000,0.000000
1,4,2025,2,21770.950000,0.000000
1,4,2025,3,15988.060000,0.000000
1,4,2025,4,17859.900000,0.000000
1,4,2025,5,7562.500000,0.000000
1,4,2025,6,36012.475000,0.000000
1,4,2025,7,12759.490000,0.000000
1,4,2025,8,4272.160000,0.000000
1,4,2025,9,10634.630000,0.000000
1,4,2025,10,22496.770000,0.000000
1,4,2025,11,16022.980000,0.000000
1,4,2025,12,11043.360000,0.000000
1,4,2026,1,42619.250100,0.000000
1,4,2026,2,11169.980000,0.000000
1,4,2026,3,19820.480000,0.000000
1,4,2026,4,65605.230000,0.000000
1,4,2026,5,21737.040000,0.000000
1,5,2011,1,233.000000,0.000000
1,5,2011,8,800.000000,0.000000
1,5,2012,1,80.000000,0.000000
1,5,2012,2,300.000000,0.000000
1,5,2012,7,245.000000,0.000000
1,5,2012,10,462.000000,0.000000
1,5,2012,12,177.000000,0.000000
1,5,2013,4,400.000000,0.000000
1,5,2013,6,80.000000,0.000000
1,5,2013,7,60.000000,0.000000
1,5,2013,10,1624.190000,0.000000
1,5,2013,12,2216.000000,0.000000
1,5,2014,1,99.000000,0.000000
1,5,2014,3,118.000000,0.000000
1,5,2014,4,430.000000,0.000000
1,5,2014,7,459.500000,0.000000
1,5,2014,8,993.500000,0.000000
1,5,2014,9,2729.000000,0.000000
1,5,2014,10,2720.000000,0.000000
1,5,2014,11,500.000000,0.000000
1,5,2014,12,2200.000000,0.000000
1,5,2015,1,386.310000,0.000000
1,5,2015,4,726.000000,0.000000
1,5,2015,6,400.000000,0.000000
1,5,2015,7,2356.000000,0.000000
1,5,2015,9,40.000000,0.000000
1,5,2015,11,30.000000,0.000000
1,5,2015,12,1145.000000,0.000000
1,5,2016,2,410.000000,0.000000
1,5,2016,3,2450.000000,0.000000
1,5,2016,8,222.000000,0.000000
1,5,2017,3,19.600000,0.000000
1,5,2017,4,1070.000000,0.000000
1,5,2017,8,250.000000,0.000000
1,5,2017,10,860.000000,0.000000
1,5,2018,8,318.000000,0.000000
1,5,2019,6,125.980000,0.000000
1,5,2019,7,452.000000,0.000000
1,5,2019,10,496.560000,0.000000
1,5,2019,11,50.000000,0.000000
1,5,2020,8,240.000000,0.000000
1,5,2020,11,359.000000,0.000000
1,5,2021,1,800.000000,0.000000
1,5,2021,2,2397.000000,0.000000
1,5,2021,3,6361.430000,0.000000
1,5,2021,4,6445.000000,0.000000
1,5,2021,5,1487.000000,0.000000
1,5,2021,6,2193.000000,0.000000
1,5,2021,7,770.000000,0.000000
1,5,2021,8,232.000000,0.000000
1,5,2021,9,2939.000000,0.000000
1,5,2021,10,892.870000,0.000000
1,5,2021,11,2915.000000,0.000000
1,5,2022,1,1037.000000,0.000000
1,5,2022,2,350.000000,0.000000
1,5,2022,3,396.000000,0.000000
1,5,2022,4,901.000000,0.000000
1,5,2022,5,390.000000,0.000000
1,5,2022,6,2592.000000,0.000000
1,5,2022,7,458.000000,0.000000
1,5,2022,8,3117.000000,0.000000
1,5,2022,9,680.000000,0.000000
1,5,2022,10,2875.000000,0.000000
1,5,2022,11,942.050000,0.000000
1,5,2022,12,1787.000000,0.000000
1,5,2023,1,1243.600000,0.000000
1,5,2023,2,639.000000,0.000000
1,5,2023,3,200.000000,0.000000
1,5,2023,4,1768.060000,0.000000
1,5,2023,5,2465.250000,0.000000
1,5,2023,7,1908.000000,0.000000
1,5,2023,10,1202.880000,0.000000
1,5,2023,11,1676.650000,0.000000
1,5,2023,12,1944.660000,0.000000
1,5,2024,1,9300.778000,0.000000
1,5,2024,2,81.540000,0.000000
1,5,2024,3,1073.500000,0.000000
1,5,2024,4,3263.680000,0.000000
1,5,2024,5,1177.870000,0.000000
1,5,2024,6,5965.650000,0.000000
1,5,2024,7,1627.510000,0.000000
1,5,2024,8,6163.270000,0.000000
1,5,2024,9,8797.680000,0.000000
1,5,2024,10,4170.860000,0.000000
1,5,2024,11,3630.930000,0.000000
1,5,2024,12,1124.500000,0.000000
1,5,2025,1,1924.010000,0.000000
1,5,2025,2,2548.040000,0.000000
1,5,2025,3,2489.760000,0.000000
1,5,2025,4,2110.980000,0.000000
1,5,2025,5,2654.410000,0.000000
1,5,2025,6,643.600000,0.000000
1,5,2025,7,406.930000,0.000000
1,5,2025,8,781.610000,0.000000
1,5,2025,9,779.380000,0.000000
1,5,2025,10,815.920000,0.000000
1,5,2025,11,2131.660000,0.000000
1,5,2025,12,2144.260000,0.000000
1,5,2026,1,5534.070000,0.000000
1,5,2026,2,3743.110000,0.000000
1,5,2026,3,4870.950000,0.000000
1,5,2026,4,6548.760000,0.000000
1,5,2026,5,820.790000,0.000000
1,6,2009,3,1200.000000,0.000000
1,6,2011,4,1601.820000,0.000000
1,6,2011,5,1915.000000,0.000000
1,6,2011,8,13385.670000,0.000000
1,6,2011,9,5447.800000,0.000000
1,6,2011,10,6683.640000,0.000000
1,6,2011,11,8900.000000,0.000000
1,6,2011,12,4940.000000,0.000000
1,6,2012,1,6159.500000,0.000000
1,6,2012,2,10228.000000,0.000000
1,6,2012,3,45972.170000,0.000000
1,6,2012,4,6015.360000,0.000000
1,6,2012,5,19674.800000,0.000000
1,6,2012,6,18115.700000,0.000000
1,6,2012,7,7500.010000,0.000000
1,6,2012,8,19439.480000,0.000000
1,6,2012,9,15699.300000,0.000000
1,6,2012,10,27883.360000,0.000000
1,6,2012,11,4952.600000,0.000000
1,6,2012,12,29885.560000,0.000000
1,6,2013,1,27992.150000,0.000000
1,6,2013,2,9912.660000,0.000000
1,6,2013,3,27832.290000,0.000000
1,6,2013,4,13311.090000,0.000000
1,6,2013,5,21875.360000,0.000000
1,6,2013,6,3080.000000,0.000000
1,6,2013,7,11245.610000,0.000000
1,6,2013,8,12913.200000,0.000000
1,6,2013,9,4860.200000,0.000000
1,6,2013,10,14221.830000,0.000000
1,6,2013,11,3486.700000,0.000000
1,6,2013,12,5301.200000,0.000000
1,6,2014,1,17702.690000,0.000000
1,6,2014,2,12624.260000,0.000000
1,6,2014,3,14027.290000,0.000000
1,6,2014,4,6867.800000,0.000000
1,6,2014,5,10708.260000,0.000000
1,6,2014,6,10523.820000,0.000000
1,6,2014,7,12037.500000,0.000000
1,6,2014,8,15884.980000,0.000000
1,6,2014,9,7656.560000,0.000000
1,6,2014,10,24566.260000,0.000000
1,6,2014,11,6626.400000,0.000000
1,6,2014,12,20280.350000,0.000000
1,6,2015,1,6870.000000,0.000000
1,6,2015,2,8745.800000,0.000000
1,6,2015,3,12994.210000,0.000000
1,6,2015,4,19447.730000,0.000000
1,6,2015,5,9255.450000,0.000000
1,6,2015,6,9744.510000,0.000000
1,6,2015,7,10545.190000,0.000000
1,6,2015,8,9220.290000,0.000000
1,6,2015,9,6542.600000,0.000000
1,6,2015,10,7885.000000,0.000000
1,6,2015,11,4745.700000,0.000000
1,6,2015,12,7554.390000,0.000000
1,6,2016,1,869.100000,0.000000
1,6,2016,2,1600.440000,0.000000
1,6,2016,4,5214.070000,0.000000
1,6,2016,5,4118.120000,0.000000
1,6,2016,6,894.520000,0.000000
1,6,2016,8,3757.000000,0.000000
1,6,2016,11,825.000000,0.000000
1,6,2016,12,2272.240000,0.000000
1,6,2017,1,2675.000000,0.000000
1,6,2017,4,15463.130000,0.000000
1,6,2017,5,4572.500000,0.000000
1,6,2017,6,693.000000,0.000000
1,6,2017,7,5146.060000,0.000000
1,6,2017,8,1564.910000,0.000000
1,6,2017,9,3686.670000,0.000000
1,6,2018,5,12000.000000,0.000000
1,6,2018,7,7634.010000,0.000000
1,6,2018,9,5993.560000,0.000000
1,6,2018,10,2000.000000,0.000000
1,6,2018,12,2739.910000,0.000000
1,6,2019,6,24972.440000,0.000000
1,6,2019,7,1617.600000,0.000000
1,6,2019,8,2912.260000,0.000000
1,6,2019,9,3493.570000,0.000000
1,6,2019,10,7001.450000,0.000000
1,6,2019,11,1101.490000,0.000000
1,6,2020,7,2296.480000,0.000000
1,6,2020,8,1540.000000,0.000000
1,6,2020,10,1863.420000,0.000000
1,6,2020,12,1595.000000,0.000000
1,6,2021,1,1684.000000,0.000000
1,6,2021,3,32467.790000,0.000000
1,6,2021,4,2121.280000,0.000000
1,6,2021,5,200.000000,0.000000
1,6,2021,6,740.000000,0.000000
1,6,2021,7,10959.870000,0.000000
1,6,2021,8,37011.190000,0.000000
1,6,2021,9,1501.550000,0.000000
1,6,2021,10,465.340000,0.000000
1,6,2021,12,18366.040000,0.000000
1,6,2022,1,3077.220000,0.000000
1,6,2022,2,720.000000,0.000000
1,6,2022,3,3136.840000,0.000000
1,6,2022,4,7610.540000,0.000000
1,6,2022,5,29583.390000,0.000000
1,6,2022,6,1600.000000,0.000000
1,6,2022,7,5624.090000,0.000000
1,6,2022,8,432.000000,0.000000
1,6,2022,9,20334.860000,0.000000
1,6,2022,11,5811.200000,0.000000
1,6,2022,12,11334.980000,0.000000
1,6,2023,1,18767.840000,0.000000
1,6,2023,2,38367.430000,0.000000
1,6,2023,3,2276.340000,0.000000
1,6,2023,4,9650.390000,0.000000
1,6,2023,5,2746.530000,0.000000
1,6,2023,6,23488.370000,0.000000
1,6,2023,7,49652.060000,0.000000
1,6,2023,8,15051.860000,0.000000
1,6,2023,9,185.890000,0.000000
1,6,2023,10,509.930000,0.000000
1,6,2023,11,9622.080000,0.000000
1,6,2023,12,23817.790000,0.000000
1,6,2024,1,14720.230000,0.000000
1,6,2024,2,18427.320000,0.000000
1,6,2024,3,4975.000000,0.000000
1,6,2024,5,2206.440000,0.000000
1,6,2024,6,1215.370000,0.000000
1,6,2024,7,17660.450000,0.000000
1,6,2024,8,38787.000000,0.000000
1,6,2024,9,2856.400000,0.000000
1,6,2024,10,3869.510000,0.000000
1,6,2024,11,7353.670000,0.000000
1,6,2024,12,3407.570000,0.000000
1,6,2025,1,8587.700000,0.000000
1,6,2025,2,1360.000000,0.000000
1,6,2025,3,5987.600000,0.000000
1,6,2025,4,7708.880000,0.000000
1,6,2025,5,26817.280000,0.000000
1,6,2025,6,15670.750000,0.000000
1,6,2025,7,7980.280000,0.000000
1,6,2025,8,16907.760000,0.000000
1,6,2025,9,884.760000,0.000000
1,6,2025,10,32416.570000,0.000000
1,6,2025,11,8087.340000,0.000000
1,6,2025,12,1133.520000,0.000000
1,6,2026,1,13273.990000,0.000000
1,6,2026,2,2459.270000,0.000000
1,6,2026,3,9488.060000,0.000000
1,6,2026,4,21381.600000,0.000000
1,6,2026,5,21017.000000,0.000000
1,7,2008,12,8906.000000,0.000000
1,7,2009,2,8216.000000,0.000000
1,7,2009,3,1295.000000,0.000000
1,7,2009,4,1295.000000,0.000000
1,7,2010,1,780.840000,0.000000
1,7,2010,5,8704.290000,0.000000
1,7,2010,6,15429.580000,0.000000
1,7,2010,7,4785.000000,0.000000
1,7,2010,8,3237.000000,0.000000
1,7,2010,9,5689.420000,0.000000
1,7,2010,10,5493.420000,0.000000
1,7,2010,11,6794.420000,0.000000
1,7,2010,12,1983.000000,0.000000
1,7,2011,1,3794.600000,0.000000
1,7,2011,2,1085.000000,0.000000
1,7,2011,3,13108.950000,0.000000
1,7,2011,4,2414.750000,0.000000
1,7,2011,5,5099.750000,0.000000
1,7,2011,6,1000.000000,0.000000
1,7,2011,7,802.000000,0.000000
1,7,2011,8,1648.000000,0.000000
1,7,2011,10,3527.000000,0.000000
1,7,2011,11,685.000000,0.000000
1,7,2012,1,490.000000,0.000000
1,7,2012,2,2269.000000,0.000000
1,7,2012,3,300.000000,0.000000
1,7,2012,4,3128.000000,0.000000
1,7,2012,5,6447.320000,0.000000
1,7,2012,6,2196.000000,0.000000
1,7,2012,7,5315.000000,0.000000
1,7,2012,8,28495.000000,0.000000
1,7,2012,9,18392.500000,0.000000
1,7,2012,10,5434.000000,0.000000
1,7,2012,11,1540.330000,0.000000
1,7,2012,12,18124.000000,0.000000
1,7,2013,1,9269.000000,0.000000
1,7,2013,2,14133.600000,0.000000
1,7,2013,3,1760.000000,0.000000
1,7,2013,4,1520.250000,0.000000
1,7,2013,5,48972.850000,0.000000
1,7,2013,6,4705.450000,0.000000
1,7,2013,7,3823.000000,0.000000
1,7,2013,8,3079.000000,0.000000
1,7,2013,9,5082.000000,0.000000
1,7,2013,10,2789.000000,0.000000
1,7,2013,11,720.000000,0.000000
1,7,2013,12,5480.000000,0.000000
1,7,2014,1,860.000000,0.000000
1,7,2014,2,5165.000000,0.000000
1,7,2014,3,2372.000000,0.000000
1,7,2014,4,2720.000000,0.000000
1,7,2014,5,1667.000000,0.000000
1,7,2014,6,752.000000,0.000000
1,7,2014,7,15378.000000,0.000000
1,7,2014,8,1080.000000,0.000000
1,7,2014,9,2775.000000,0.000000
1,7,2014,10,1750.000000,0.000000
1,7,2014,11,540.000000,0.000000
1,7,2014,12,957.000000,0.000000
1,7,2015,2,400.000000,0.000000
1,7,2015,3,1270.000000,0.000000
1,7,2015,5,8980.000000,0.000000
1,1,2008,12,0.000000,13801.000000
1,1,2009,1,0.000000,121.000000
1,1,2009,2,0.000000,46405.150000
1,1,2009,3,0.000000,78604.740000
1,1,2009,4,0.000000,56959.040000
1,1,2009,5,0.000000,84963.480000
1,1,2009,6,0.000000,95336.540000
1,1,2009,7,0.000000,87298.920000
1,1,2009,8,0.000000,95809.190000
1,1,2009,9,0.000000,74812.840000
1,1,2009,10,0.000000,140378.110000
1,1,2009,11,0.000000,59223.670000
1,1,2009,12,0.000000,92027.160000
1,1,2010,1,0.000000,86026.480000
1,1,2010,2,0.000000,81876.690000
1,1,2010,3,0.000000,113919.440000
1,1,2010,4,0.000000,83435.840000
1,1,2010,5,0.000000,118828.360000
1,1,2010,6,0.000000,73157.420000
1,1,2010,7,0.000000,137739.480000
1,1,2010,8,0.000000,118437.160000
1,1,2010,9,0.000000,90981.340000
1,1,2010,10,0.000000,98189.190000
1,1,2010,11,0.000000,97025.300000
1,1,2010,12,0.000000,130760.890000
1,1,2011,1,0.000000,80468.860000
1,1,2011,2,0.000000,92639.260000
1,1,2011,3,0.000000,89127.080000
1,1,2011,4,0.000000,109087.750000
1,1,2011,5,0.000000,105417.480000
1,1,2011,6,0.000000,103351.660000
1,1,2011,7,0.000000,111671.590000
1,1,2011,8,0.000000,131439.160000
1,1,2011,9,0.000000,130631.980000
1,1,2011,10,0.000000,144736.200000
1,1,2011,11,0.000000,100086.510000
1,1,2011,12,0.000000,93729.610000
1,1,2012,1,0.000000,68445.730000
1,1,2012,2,0.000000,129458.410000
1,1,2012,3,0.000000,109905.700000
1,1,2012,4,0.000000,104371.520000
1,1,2012,5,0.000000,77572.160000
1,1,2012,6,0.000000,117021.150000
1,1,2012,7,0.000000,122198.420000
1,1,2012,8,0.000000,156629.630000
1,1,2012,9,0.000000,96679.820000
1,1,2012,10,0.000000,143052.990000
1,1,2012,11,0.000000,128758.370000
1,1,2012,12,0.000000,82100.890000
1,1,2013,1,0.000000,94626.000000
1,1,2013,2,0.000000,91009.680000
1,1,2013,3,0.000000,106126.990000
1,1,2013,4,0.000000,118784.110000
1,1,2013,5,0.000000,136363.880000
1,1,2013,6,0.000000,116574.660000
1,1,2013,7,0.000000,86954.250000
1,1,2013,8,0.000000,89314.360000
1,1,2013,9,0.000000,106385.390000
1,1,2013,10,0.000000,104593.010000
1,1,2013,11,0.000000,107283.650000
1,1,2013,12,0.000000,142988.110000
1,1,2014,1,0.000000,97636.380000
1,1,2014,2,0.000000,114931.480000
1,1,2014,3,0.000000,67795.580000
1,1,2014,4,0.000000,119414.760000
1,1,2014,5,0.000000,60172.850000
1,1,2014,6,0.000000,89145.270000
1,1,2014,7,0.000000,113659.940000
1,1,2014,8,0.000000,82553.470000
1,1,2014,9,0.000000,110433.530000
1,1,2014,10,0.000000,96508.130000
1,1,2014,11,0.000000,75784.080000
1,1,2014,12,0.000000,71685.140000
1,1,2015,1,0.000000,110810.880000
1,1,2015,2,0.000000,124427.740000
1,1,2015,3,0.000000,77869.720000
1,1,2015,4,0.000000,96564.320000
1,1,2015,5,0.000000,113138.050000
1,1,2015,6,0.000000,85223.011000
1,1,2015,7,0.000000,127698.430000
1,1,2015,8,0.000000,95654.940000
1,1,2015,9,0.000000,121359.830000
1,1,2015,10,0.000000,93212.400000
1,1,2015,11,0.000000,104027.710000
1,1,2015,12,0.000000,94916.920000
1,1,2016,1,0.000000,102560.770000
1,1,2016,2,0.000000,76239.250000
1,1,2016,3,0.000000,139468.450000
1,1,2016,4,0.000000,110036.150000
1,1,2016,5,0.000000,107142.000000
1,1,2016,6,0.000000,54301.250000
1,1,2016,7,0.000000,114932.640000
1,1,2016,8,0.000000,136798.960000
1,1,2016,9,0.000000,110598.480000
1,1,2016,10,0.000000,78424.560000
1,1,2016,11,0.000000,103955.360000
1,1,2016,12,0.000000,103156.162000
1,1,2017,1,0.000000,116500.360000
1,1,2017,2,0.000000,91065.370000
1,1,2017,3,0.000000,125726.803000
1,1,2017,4,0.000000,101389.947000
1,1,2017,5,0.000000,129875.560000
1,1,2017,6,0.000000,94878.670000
1,1,2017,7,0.000000,169947.120000
1,1,2017,8,0.000000,100842.320000
1,1,2017,9,0.000000,85926.480000
1,1,2017,10,0.000000,91426.660000
1,1,2017,11,0.000000,122696.080000
1,1,2017,12,0.000000,85276.360000
1,1,2018,1,0.000000,121151.390000
1,1,2018,2,0.000000,67116.154000
1,1,2018,3,0.000000,134484.280000
1,1,2018,4,0.000000,102640.050000
1,1,2018,5,0.000000,139842.400000
1,1,2018,6,0.000000,120435.710000
1,1,2018,7,0.000000,113125.940000
1,1,2018,8,0.000000,87860.780000
1,1,2018,9,0.000000,119334.490000
1,1,2018,10,0.000000,148398.420000
1,1,2018,11,0.000000,126580.470000
1,1,2018,12,0.000000,112223.420000
1,1,2019,1,0.000000,126187.030000
1,1,2019,2,0.000000,106744.450000
1,1,2019,3,0.000000,95302.370000
1,1,2019,4,0.000000,78097.160000
1,1,2019,5,0.000000,188304.350000
1,1,2019,6,0.000000,112944.680000
1,1,2019,7,0.000000,115561.760000
1,1,2019,8,0.000000,85302.170000
1,1,2019,9,0.000000,116702.535000
1,1,2019,10,0.000000,123733.805000
1,1,2019,11,0.000000,111244.940000
1,1,2019,12,0.000000,10221.790000
1,1,2020,1,0.000000,1593.360000
1,1,2020,7,0.000000,40795.760000
1,1,2020,8,0.000000,142446.410000
1,1,2020,9,0.000000,92551.683000
1,1,2020,10,0.000000,160794.990000
1,1,2020,11,0.000000,137177.302500
1,1,2020,12,0.000000,267332.950000
1,1,2021,1,0.000000,310981.627000
1,1,2021,2,0.000000,226487.340000
1,1,2021,3,0.000000,200879.769900
1,1,2021,4,0.000000,178705.948000
1,1,2021,5,0.000000,297467.888000
1,1,2021,6,0.000000,151379.740000
1,1,2021,7,0.000000,262963.670000
1,1,2021,8,0.000000,233840.528000
1,1,2021,9,0.000000,281645.679000
1,1,2021,10,0.000000,193871.688000
1,1,2021,11,0.000000,273585.399900
1,1,2021,12,0.000000,385294.710000
1,1,2022,1,0.000000,367895.867000
1,1,2022,2,0.000000,311995.070000
1,1,2022,3,0.000000,206097.540000
1,1,2022,4,0.000000,140992.610000
1,1,2022,5,0.000000,269632.420000
1,1,2022,6,0.000000,223095.480000
1,1,2022,7,0.000000,243300.165000
1,1,2022,8,0.000000,306533.500000
1,1,2022,9,0.000000,235391.710000
1,1,2022,10,0.000000,293810.616000
1,1,2022,11,0.000000,218253.170000
1,1,2022,12,0.000000,453838.460000
1,1,2023,1,0.000000,175754.060800
1,1,2023,2,0.000000,206221.970000
1,1,2023,3,0.000000,350921.480000
1,1,2023,4,0.000000,246662.663000
1,1,2023,5,0.000000,370048.495000
1,1,2023,6,0.000000,176590.708000
1,1,2023,7,0.000000,251906.334000
1,1,2023,8,0.000000,358695.729300
1,1,2023,9,0.000000,246085.820000
1,1,2023,10,0.000000,255114.582500
1,1,2023,11,0.000000,218103.263200
1,1,2023,12,0.000000,344479.510000
1,1,2024,1,0.000000,252498.630000
1,1,2024,2,0.000000,233719.058000
1,1,2024,3,0.000000,289476.010000
1,1,2024,4,0.000000,166109.918500
1,1,2024,5,0.000000,262014.950000
1,1,2024,6,0.000000,248314.120000
1,1,2024,7,0.000000,252314.910000
1,1,2024,8,0.000000,196229.300200
1,1,2024,9,0.000000,188776.340000
1,1,2024,10,0.000000,315567.660000
1,1,2024,11,0.000000,353860.559600
1,1,2024,12,0.000000,197719.405000
1,1,2025,1,0.000000,240317.210000
1,1,2025,2,0.000000,137145.130000
1,1,2025,3,0.000000,236601.000600
1,1,2025,4,0.000000,180617.587000
1,1,2025,5,0.000000,311036.610000
1,1,2025,6,0.000000,236651.930000
1,1,2025,7,0.000000,306755.990000
1,1,2025,8,0.000000,192043.370000
1,1,2025,9,0.000000,258902.890000
1,1,2025,10,0.000000,282744.749200
1,1,2025,11,0.000000,147247.880000
1,1,2025,12,0.000000,304962.480000
1,1,2026,1,0.000000,197497.084000
1,1,2026,2,0.000000,186998.580000
1,1,2026,3,0.000000,202944.070000
1,1,2026,4,0.000000,203141.260000
1,1,2026,5,0.000000,119288.967400
1,1,2026,6,0.000000,320.000000
1,1,2026,7,0.000000,320.000000
1,2,2009,6,0.000000,225.000000
1,2,2009,7,0.000000,432.000000
1,2,2009,8,0.000000,270.000000
1,2,2009,9,0.000000,350.000000
1,2,2009,12,0.000000,1920.000000
1,2,2010,1,0.000000,293.000000
1,2,2010,2,0.000000,253.000000
1,2,2010,3,0.000000,253.000000
1,2,2010,4,0.000000,358.000000
1,2,2010,5,0.000000,481.340000
1,2,2010,6,0.000000,818.160000
1,2,2010,7,0.000000,4064.500000
1,2,2010,8,0.000000,7485.200000
1,2,2010,9,0.000000,1295.500000
1,2,2010,10,0.000000,68.500000
1,2,2010,11,0.000000,292.000000
1,2,2010,12,0.000000,499.390000
1,2,2011,1,0.000000,1718.160000
1,2,2011,3,0.000000,2232.000000
1,2,2011,4,0.000000,300.000000
1,2,2011,5,0.000000,203.800000
1,2,2011,7,0.000000,276.300000
1,2,2011,8,0.000000,776.300000
1,2,2011,9,0.000000,1033.800000
1,2,2011,10,0.000000,803.800000
1,2,2011,12,0.000000,350.000000
1,2,2012,1,0.000000,250.000000
1,2,2012,2,0.000000,848.500000
1,2,2012,3,0.000000,220.000000
1,2,2012,4,0.000000,2439.000000
1,2,2012,5,0.000000,90.000000
1,2,2012,6,0.000000,310.000000
1,2,2012,7,0.000000,827.130000
1,2,2012,8,0.000000,1291.130000
1,2,2012,9,0.000000,11136.780000
1,2,2012,11,0.000000,810.500000
1,2,2012,12,0.000000,6737.200000
1,2,2013,1,0.000000,180.000000
1,2,2013,2,0.000000,646.080000
1,2,2013,3,0.000000,3980.770000
1,2,2013,4,0.000000,150.000000
1,2,2013,5,0.000000,166.600000
1,2,2013,6,0.000000,6109.120000
1,2,2013,9,0.000000,2970.440000
1,2,2013,11,0.000000,121.000000
1,2,2013,12,0.000000,128.000000
1,2,2014,4,0.000000,200.000000
1,2,2014,6,0.000000,663.600000
1,2,2014,7,0.000000,1199.510000
1,2,2014,8,0.000000,6593.710000
1,2,2014,9,0.000000,9840.130000
1,2,2014,10,0.000000,10273.120000
1,2,2014,11,0.000000,1090.000000
1,2,2014,12,0.000000,1143.000000
1,2,2015,1,0.000000,650.000000
1,2,2015,2,0.000000,2395.000000
1,2,2015,3,0.000000,2322.620000
1,2,2015,4,0.000000,1080.000000
1,2,2015,5,0.000000,8278.530000
1,2,2015,6,0.000000,733.790000
1,2,2015,7,0.000000,1843.740000
1,2,2015,8,0.000000,665.500000
1,2,2015,11,0.000000,1158.000000
1,2,2015,12,0.000000,2977.890000
1,2,2016,2,0.000000,676.670000
1,2,2016,3,0.000000,277.330000
1,2,2016,4,0.000000,6327.000000
1,2,2016,8,0.000000,4422.000000
1,2,2016,10,0.000000,541.000000
1,2,2016,11,0.000000,2125.800000
1,2,2016,12,0.000000,3085.200000
1,2,2017,2,0.000000,1341.880000
1,2,2017,4,0.000000,200.000000
1,2,2017,5,0.000000,2149.660000
1,2,2017,11,0.000000,1446.670000
1,2,2017,12,0.000000,2458.060000
1,2,2018,2,0.000000,1390.060000
1,2,2018,3,0.000000,1830.680000
1,2,2018,6,0.000000,1105.940000
1,2,2018,8,0.000000,109.800000
1,2,2018,9,0.000000,1464.720000
1,2,2018,10,0.000000,1053.860000
1,2,2018,11,0.000000,1204.660000
1,2,2019,1,0.000000,1051.000000
1,2,2019,2,0.000000,438.000000
1,2,2019,3,0.000000,1400.000000
1,2,2019,4,0.000000,2460.000000
1,2,2019,8,0.000000,1675.440000
1,2,2019,10,0.000000,1313.740000
1,2,2019,11,0.000000,95.500000
1,2,2019,12,0.000000,23095.180000
1,2,2020,9,0.000000,182.500000
1,2,2020,11,0.000000,135.000000
1,2,2020,12,0.000000,11783.440000
1,2,2021,1,0.000000,134.000000
1,2,2021,3,0.000000,200.000000
1,2,2021,4,0.000000,492.000000
1,2,2021,5,0.000000,50.000000
1,2,2021,6,0.000000,70.000000
1,2,2021,7,0.000000,166.500000
1,2,2021,10,0.000000,110.000000
1,2,2021,11,0.000000,40681.510000
1,2,2021,12,0.000000,3300.520000
1,2,2022,3,0.000000,1562.280000
1,2,2022,4,0.000000,646.000000
1,2,2022,5,0.000000,232.000000
1,2,2022,6,0.000000,1380.360000
1,2,2022,11,0.000000,773.400000
1,2,2022,12,0.000000,65451.530000
1,2,2023,1,0.000000,7572.730000
1,2,2023,2,0.000000,5069.100000
1,2,2023,3,0.000000,10866.790000
1,2,2023,4,0.000000,6183.010000
1,2,2023,5,0.000000,6563.220000
1,2,2023,6,0.000000,10436.520000
1,2,2023,7,0.000000,5989.920000
1,2,2023,8,0.000000,1467.456000
1,2,2023,9,0.000000,7883.660000
1,2,2023,10,0.000000,6007.894000
1,2,2023,11,0.000000,8944.590000
1,2,2023,12,0.000000,13308.130000
1,2,2024,1,0.000000,9332.980000
1,2,2024,2,0.000000,3854.520000
1,2,2024,3,0.000000,9146.570000
1,2,2024,4,0.000000,7646.400000
1,2,2024,5,0.000000,13541.200000
1,2,2024,6,0.000000,6441.520000
1,2,2024,7,0.000000,6375.780000
1,2,2024,8,0.000000,5315.370000
1,2,2024,9,0.000000,5934.020000
1,2,2024,10,0.000000,7552.480000
1,2,2024,11,0.000000,4369.630000
1,2,2024,12,0.000000,7665.140000
1,2,2025,1,0.000000,4453.920000
1,2,2025,2,0.000000,11452.280000
1,2,2025,3,0.000000,21927.585000
1,2,2025,4,0.000000,32505.050000
1,2,2025,5,0.000000,32117.770000
1,2,2025,6,0.000000,32429.030000
1,2,2025,7,0.000000,18879.130000
1,2,2025,8,0.000000,10040.880000
1,2,2025,9,0.000000,15925.360000
1,2,2025,10,0.000000,16632.490000
1,2,2025,11,0.000000,17639.020000
1,2,2025,12,0.000000,34667.150000
1,2,2026,1,0.000000,31928.330000
1,2,2026,2,0.000000,28475.490000
1,2,2026,3,0.000000,22071.440000
1,2,2026,4,0.000000,17637.830000
1,2,2026,5,0.000000,8894.320000
1,3,2009,5,0.000000,390.000000
1,3,2009,8,0.000000,6695.000000
1,3,2009,11,0.000000,85.000000
1,3,2010,2,0.000000,72.000000
1,3,2010,3,0.000000,87.000000
1,3,2010,8,0.000000,1000.000000
1,3,2010,9,0.000000,159.000000
1,3,2010,10,0.000000,450.000000
1,3,2010,12,0.000000,340.000000
1,3,2011,1,0.000000,552.000000
1,3,2011,2,0.000000,1260.000000
1,3,2011,4,0.000000,1950.000000
1,3,2011,5,0.000000,2695.000000
1,3,2011,7,0.000000,559.000000
1,3,2011,8,0.000000,50.000000
1,3,2011,9,0.000000,53.000000
1,3,2011,11,0.000000,80.000000
1,3,2011,12,0.000000,539.000000
1,3,2012,1,0.000000,1198.000000
1,3,2012,2,0.000000,1380.000000
1,3,2012,3,0.000000,63.700000
1,3,2012,4,0.000000,68.000000
1,3,2012,5,0.000000,370.000000
1,3,2012,6,0.000000,4794.000000
1,3,2012,7,0.000000,1209.000000
1,3,2012,8,0.000000,2735.000000
1,3,2012,9,0.000000,366.000000
1,3,2012,10,0.000000,1012.100000
1,3,2012,11,0.000000,3734.000000
1,3,2012,12,0.000000,360.000000
1,3,2013,1,0.000000,144.000000
1,3,2013,2,0.000000,1038.000000
1,3,2013,3,0.000000,1500.000000
1,3,2013,4,0.000000,315.000000
1,3,2013,5,0.000000,1575.000000
1,3,2013,6,0.000000,170.000000
1,3,2013,7,0.000000,866.000000
1,3,2013,8,0.000000,4424.000000
1,3,2013,9,0.000000,2855.000000
1,3,2013,12,0.000000,1781.000000
1,3,2014,1,0.000000,665.000000
1,3,2014,3,0.000000,749.630000
1,3,2014,4,0.000000,1174.350000
1,3,2014,5,0.000000,2162.000000
1,3,2014,6,0.000000,778.500000
1,3,2014,7,0.000000,157.000000
1,3,2014,8,0.000000,3814.000000
1,3,2014,9,0.000000,2477.000000
1,3,2014,10,0.000000,457.000000
1,3,2014,12,0.000000,2717.000000
1,3,2015,1,0.000000,1690.000000
1,3,2015,2,0.000000,166.000000
1,3,2015,3,0.000000,453.000000
1,3,2015,4,0.000000,799.000000
1,3,2015,5,0.000000,2342.000000
1,3,2015,6,0.000000,305.000000
1,3,2015,7,0.000000,108.000000
1,3,2015,8,0.000000,399.250000
1,3,2015,10,0.000000,1120.000000
1,3,2015,11,0.000000,473.810000
1,3,2016,2,0.000000,360.330000
1,3,2016,3,0.000000,781.000000
1,3,2016,5,0.000000,289.500000
1,3,2016,6,0.000000,1047.200000
1,3,2016,7,0.000000,277.730000
1,3,2017,5,0.000000,215.480000
1,3,2017,8,0.000000,100.000000
1,3,2017,10,0.000000,300.000000
1,3,2018,1,0.000000,150.000000
1,3,2018,5,0.000000,28.900000
1,3,2018,7,0.000000,70.000000
1,3,2018,11,0.000000,70.000000
1,3,2019,12,0.000000,3067.780000
1,3,2020,10,0.000000,470.000000
1,3,2020,12,0.000000,133.000000
1,3,2021,1,0.000000,165.000000
1,3,2021,2,0.000000,1718.000000
1,3,2021,3,0.000000,2720.000000
1,3,2021,5,0.000000,141.000000
1,3,2021,6,0.000000,718.000000
1,3,2021,7,0.000000,150.000000
1,3,2021,9,0.000000,479.320000
1,3,2021,10,0.000000,20.000000
1,3,2021,11,0.000000,14136.810000
1,3,2021,12,0.000000,200.000000
1,3,2022,1,0.000000,920.000000
1,3,2022,4,0.000000,1699.000000
1,3,2022,5,0.000000,1403.980000
1,3,2022,6,0.000000,5564.000000
1,3,2022,10,0.000000,444.000000
1,3,2022,12,0.000000,19717.540000
1,3,2023,1,0.000000,8723.340000
1,3,2023,2,0.000000,702.470000
1,3,2023,3,0.000000,1473.600000
1,3,2023,4,0.000000,7228.330000
1,3,2023,5,0.000000,1123.000000
1,3,2023,6,0.000000,3280.480000
1,3,2023,7,0.000000,11808.000000
1,3,2023,8,0.000000,3807.270000
1,3,2023,9,0.000000,814.800000
1,3,2023,10,0.000000,3051.150000
1,3,2023,11,0.000000,1994.380000
1,3,2023,12,0.000000,5170.540000
1,3,2024,1,0.000000,6743.520000
1,3,2024,2,0.000000,1287.510000
1,3,2024,3,0.000000,1128.420000
1,3,2024,4,0.000000,6185.790000
1,3,2024,5,0.000000,6052.440000
1,3,2024,6,0.000000,8794.050000
1,3,2024,7,0.000000,9568.309000
1,3,2024,8,0.000000,3819.970000
1,3,2024,9,0.000000,5091.896000
1,3,2024,10,0.000000,2796.750000
1,3,2024,11,0.000000,3519.110000
1,3,2024,12,0.000000,17930.090000
1,3,2025,1,0.000000,5056.530000
1,3,2025,2,0.000000,7006.670000
1,3,2025,3,0.000000,12929.010000
1,3,2025,4,0.000000,14003.690000
1,3,2025,5,0.000000,7148.510000
1,3,2025,6,0.000000,13599.295000
1,3,2025,7,0.000000,4657.680000
1,3,2025,8,0.000000,2652.440000
1,3,2025,9,0.000000,5048.760000
1,3,2025,10,0.000000,3180.360000
1,3,2025,11,0.000000,1284.050000
1,3,2025,12,0.000000,3005.910000
1,3,2026,1,0.000000,3744.200000
1,3,2026,2,0.000000,7153.140000
1,3,2026,3,0.000000,7413.510000
1,3,2026,4,0.000000,6475.005000
1,3,2026,5,0.000000,863.900000
1,4,2010,4,0.000000,374.000000
1,4,2010,5,0.000000,605.500000
1,4,2011,1,0.000000,500.000000
1,4,2011,5,0.000000,1102.800000
1,4,2011,7,0.000000,279.250000
1,4,2011,8,0.000000,409.000000
1,4,2011,9,0.000000,149.500000
1,4,2011,10,0.000000,1033.370000
1,4,2011,11,0.000000,6735.080000
1,4,2011,12,0.000000,2650.000000
1,4,2012,1,0.000000,81.750000
1,4,2012,2,0.000000,111.750000
1,4,2012,3,0.000000,581.750000
1,4,2012,4,0.000000,713.750000
1,4,2012,9,0.000000,1110.000000
1,4,2012,11,0.000000,1000.000000
1,4,2012,12,0.000000,1119.000000
1,4,2013,2,0.000000,2795.500000
1,4,2013,3,0.000000,226.000000
1,4,2013,5,0.000000,934.350000
1,4,2013,6,0.000000,4840.750000
1,4,2013,8,0.000000,121.690000
1,4,2013,9,0.000000,2891.590000
1,4,2013,10,0.000000,480.000000
1,4,2013,11,0.000000,310.000000
1,4,2013,12,0.000000,994.200000
1,4,2014,1,0.000000,994.200000
1,4,2014,2,0.000000,1490.700000
1,4,2014,3,0.000000,103.000000
1,4,2014,4,0.000000,3980.500000
1,4,2014,5,0.000000,265.750000
1,4,2014,6,0.000000,966.420000
1,4,2014,7,0.000000,1058.410000
1,4,2014,8,0.000000,2393.420000
1,4,2014,9,0.000000,188.000000
1,4,2014,11,0.000000,648.000000
1,4,2014,12,0.000000,794.400000
1,4,2015,2,0.000000,3091.630000
1,4,2015,5,0.000000,2520.000000
1,4,2015,7,0.000000,720.000000
1,4,2015,8,0.000000,1052.310000
1,4,2015,9,0.000000,2220.000000
1,4,2015,11,0.000000,3870.000000
1,4,2015,12,0.000000,232.830000
1,4,2016,4,0.000000,2640.610000
1,4,2016,8,0.000000,1899.350000
1,4,2016,9,0.000000,110.000000
1,4,2016,11,0.000000,125.680000
1,4,2016,12,0.000000,4299.020000
1,4,2017,2,0.000000,82.000000
1,4,2017,3,0.000000,54.290000
1,4,2017,5,0.000000,3502.500000
1,4,2017,6,0.000000,137.310000
1,4,2017,7,0.000000,137.320000
1,4,2017,8,0.000000,300.000000
1,4,2017,9,0.000000,3992.000000
1,4,2017,10,0.000000,615.500000
1,4,2017,11,0.000000,456.990000
1,4,2017,12,0.000000,306.980000
1,4,2018,2,0.000000,424.670000
1,4,2018,3,0.000000,611.350000
1,4,2018,6,0.000000,2205.710000
1,4,2018,8,0.000000,2000.000000
1,4,2018,9,0.000000,2464.170000
1,4,2018,10,0.000000,2143.740000
1,4,2018,11,0.000000,4755.760000
1,4,2018,12,0.000000,675.000000
1,4,2019,1,0.000000,2412.000000
1,4,2019,2,0.000000,1261.170000
1,4,2019,4,0.000000,183.750000
1,4,2019,5,0.000000,1670.700000
1,4,2019,6,0.000000,111.340000
1,4,2019,7,0.000000,359.530000
1,4,2019,8,0.000000,144.000000
1,4,2019,10,0.000000,1890.750000
1,4,2019,12,0.000000,47416.220000
1,4,2020,8,0.000000,178.700000
1,4,2020,9,0.000000,427.270000
1,4,2020,11,0.000000,302.000000
1,4,2020,12,0.000000,20724.510000
1,4,2021,1,0.000000,1208.000000
1,4,2021,2,0.000000,656.000000
1,4,2021,3,0.000000,658.000000
1,4,2021,4,0.000000,80.000000
1,4,2021,5,0.000000,405.000000
1,4,2021,7,0.000000,285.000000
1,4,2021,8,0.000000,1912.000000
1,4,2021,9,0.000000,3135.000000
1,4,2021,10,0.000000,11704.550000
1,4,2021,11,0.000000,50696.900000
1,4,2021,12,0.000000,1193.000000
1,4,2022,1,0.000000,2316.840000
1,4,2022,2,0.000000,1343.040000
1,4,2022,3,0.000000,4940.480000
1,4,2022,4,0.000000,2464.680000
1,4,2022,5,0.000000,5772.300000
1,4,2022,6,0.000000,11230.660000
1,4,2022,7,0.000000,646.000000
1,4,2022,8,0.000000,295.000000
1,4,2022,10,0.000000,3558.000000
1,4,2022,11,0.000000,1400.000000
1,4,2022,12,0.000000,55673.880000
1,4,2023,1,0.000000,11612.935000
1,4,2023,2,0.000000,2982.690000
1,4,2023,3,0.000000,10123.520000
1,4,2023,4,0.000000,4926.660000
1,4,2023,5,0.000000,3284.880000
1,4,2023,6,0.000000,14212.820000
1,4,2023,7,0.000000,19394.595000
1,4,2023,8,0.000000,15776.335000
1,4,2023,9,0.000000,37871.720000
1,4,2023,10,0.000000,10374.840000
1,4,2023,11,0.000000,10881.141000
1,4,2023,12,0.000000,11568.470000
1,4,2024,1,0.000000,6024.230000
1,4,2024,2,0.000000,18183.439800
1,4,2024,3,0.000000,8327.210000
1,4,2024,4,0.000000,17154.940000
1,4,2024,5,0.000000,11471.650000
1,4,2024,6,0.000000,9406.040000
1,4,2024,7,0.000000,12938.570000
1,4,2024,8,0.000000,20369.276500
1,4,2024,9,0.000000,27928.309000
1,4,2024,10,0.000000,32736.751000
1,4,2024,11,0.000000,17656.919000
1,4,2024,12,0.000000,15270.924000
1,4,2025,1,0.000000,15758.308000
1,4,2025,2,0.000000,12380.099000
1,4,2025,3,0.000000,16036.679000
1,4,2025,4,0.000000,16733.589000
1,4,2025,5,0.000000,20930.160000
1,4,2025,6,0.000000,20875.290000
1,4,2025,7,0.000000,19720.980000
1,4,2025,8,0.000000,13955.355000
1,4,2025,9,0.000000,16074.840000
1,4,2025,10,0.000000,10215.890000
1,4,2025,11,0.000000,11578.000000
1,4,2025,12,0.000000,18790.030000
1,4,2026,1,0.000000,12537.400000
1,4,2026,2,0.000000,15090.780000
1,4,2026,3,0.000000,18195.880000
1,4,2026,4,0.000000,20813.962000
1,4,2026,5,0.000000,17415.660000
1,5,2011,1,0.000000,233.000000
1,5,2011,8,0.000000,800.000000
1,5,2012,1,0.000000,80.000000
1,5,2012,2,0.000000,300.000000
1,5,2012,7,0.000000,245.000000
1,5,2012,10,0.000000,380.000000
1,5,2012,12,0.000000,259.000000
1,5,2013,4,0.000000,400.000000
1,5,2013,6,0.000000,80.000000
1,5,2013,9,0.000000,60.000000
1,5,2013,10,0.000000,684.190000
1,5,2013,11,0.000000,940.000000
1,5,2013,12,0.000000,2060.000000
1,5,2014,2,0.000000,30.000000
1,5,2014,3,0.000000,118.000000
1,5,2014,4,0.000000,300.000000
1,5,2014,7,0.000000,559.500000
1,5,2014,8,0.000000,893.500000
1,5,2014,9,0.000000,2729.000000
1,5,2014,10,0.000000,1700.000000
1,5,2014,11,0.000000,1520.000000
1,5,2014,12,0.000000,2330.000000
1,5,2015,1,0.000000,386.310000
1,5,2015,4,0.000000,726.000000
1,5,2015,6,0.000000,120.000000
1,5,2015,11,0.000000,70.000000
1,5,2015,12,0.000000,1145.000000
1,5,2016,2,0.000000,410.000000
1,5,2017,4,0.000000,1070.000000
1,5,2017,10,0.000000,860.000000
1,5,2019,6,0.000000,125.980000
1,5,2019,7,0.000000,137.000000
1,5,2019,10,0.000000,496.560000
1,5,2019,12,0.000000,3179.000000
1,5,2020,11,0.000000,109.000000
1,5,2020,12,0.000000,490.000000
1,5,2021,1,0.000000,2450.000000
1,5,2021,2,0.000000,350.000000
1,5,2021,3,0.000000,2209.220000
1,5,2021,5,0.000000,1830.420000
1,5,2021,6,0.000000,575.000000
1,5,2021,7,0.000000,500.000000
1,5,2021,9,0.000000,1500.000000
1,5,2021,10,0.000000,25.000000
1,5,2021,11,0.000000,17591.660000
1,5,2022,1,0.000000,300.000000
1,5,2022,3,0.000000,316.000000
1,5,2022,4,0.000000,901.000000
1,5,2022,5,0.000000,390.000000
1,5,2022,6,0.000000,2492.000000
1,5,2022,11,0.000000,350.000000
1,5,2022,12,0.000000,13367.650000
1,5,2023,1,0.000000,1850.600000
1,5,2023,2,0.000000,639.000000
1,5,2023,3,0.000000,200.000000
1,5,2023,4,0.000000,1178.560000
1,5,2023,5,0.000000,984.250000
1,5,2023,7,0.000000,1908.000000
1,5,2023,8,0.000000,2250.000000
1,5,2023,9,0.000000,140.000000
1,5,2023,10,0.000000,1060.000000
1,5,2023,11,0.000000,924.880000
1,5,2023,12,0.000000,3028.810000
1,5,2024,1,0.000000,8636.778000
1,5,2024,2,0.000000,81.540000
1,5,2024,3,0.000000,1737.500000
1,5,2024,4,0.000000,3204.160000
1,5,2024,5,0.000000,1177.870000
1,5,2024,6,0.000000,5965.650000
1,5,2024,7,0.000000,1687.030000
1,5,2024,8,0.000000,6163.270000
1,5,2024,9,0.000000,9988.560000
1,5,2024,10,0.000000,3223.020000
1,5,2024,11,0.000000,3288.690000
1,5,2024,12,0.000000,1222.340000
1,5,2025,1,0.000000,1797.030000
1,5,2025,2,0.000000,3162.680000
1,5,2025,3,0.000000,1825.120000
1,5,2025,4,0.000000,2289.320000
1,5,2025,5,0.000000,2646.060000
1,5,2025,6,0.000000,651.950000
1,5,2025,7,0.000000,406.930000
1,5,2025,8,0.000000,529.610000
1,5,2025,9,0.000000,932.880000
1,5,2025,10,0.000000,914.420000
1,5,2025,11,0.000000,2131.660000
1,5,2025,12,0.000000,2144.260000
1,5,2026,1,0.000000,5534.070000
1,5,2026,2,0.000000,2823.840000
1,5,2026,3,0.000000,5790.220000
1,5,2026,4,0.000000,6548.760000
1,5,2026,5,0.000000,173.000000
1,6,2009,4,0.000000,300.000000
1,6,2009,6,0.000000,600.000000
1,6,2009,8,0.000000,300.000000
1,6,2011,5,0.000000,1067.880000
1,6,2011,6,0.000000,655.000000
1,6,2011,7,0.000000,848.940000
1,6,2011,8,0.000000,315.000000
1,6,2011,9,0.000000,4295.330000
1,6,2011,10,0.000000,6489.320000
1,6,2011,11,0.000000,4722.720000
1,6,2011,12,0.000000,7890.120000
1,6,2012,1,0.000000,7326.090000
1,6,2012,2,0.000000,9657.530000
1,6,2012,3,0.000000,4933.000000
1,6,2012,4,0.000000,17903.750000
1,6,2012,5,0.000000,22740.780000
1,6,2012,6,0.000000,18312.640000
1,6,2012,7,0.000000,9573.630000
1,6,2012,8,0.000000,26098.110000
1,6,2012,9,0.000000,11522.050000
1,6,2012,10,0.000000,16737.480000
1,6,2012,11,0.000000,17098.120000
1,6,2012,12,0.000000,13892.450000
1,6,2013,1,0.000000,17070.230000
1,6,2013,2,0.000000,16785.670000
1,6,2013,3,0.000000,16855.030000
1,6,2013,4,0.000000,33175.480000
1,6,2013,5,0.000000,21830.440000
1,6,2013,6,0.000000,18403.710000
1,6,2013,7,0.000000,11366.150000
1,6,2013,8,0.000000,5467.440000
1,6,2013,9,0.000000,6732.760000
1,6,2013,10,0.000000,5590.220000
1,6,2013,11,0.000000,9312.730000
1,6,2013,12,0.000000,10081.860000
1,6,2014,1,0.000000,9321.300000
1,6,2014,2,0.000000,9380.430000
1,6,2014,3,0.000000,8613.020000
1,6,2014,4,0.000000,13498.270000
1,6,2014,5,0.000000,14267.260000
1,6,2014,6,0.000000,11708.270000
1,6,2014,7,0.000000,9935.520000
1,6,2014,8,0.000000,6796.440000
1,6,2014,9,0.000000,14895.870000
1,6,2014,10,0.000000,10423.090000
1,6,2014,11,0.000000,17115.750000
1,6,2014,12,0.000000,13608.120000
1,6,2015,1,0.000000,10270.760000
1,6,2015,2,0.000000,11705.790000
1,6,2015,3,0.000000,10869.090000
1,6,2015,4,0.000000,11594.200000
1,6,2015,5,0.000000,12057.850000
1,6,2015,6,0.000000,12578.290000
1,6,2015,7,0.000000,15884.350000
1,6,2015,8,0.000000,7315.230000
1,6,2015,9,0.000000,4936.340000
1,6,2015,10,0.000000,2350.260000
1,6,2015,11,0.000000,6824.960000
1,6,2015,12,0.000000,7124.580000
1,6,2016,1,0.000000,2496.140000
1,6,2016,2,0.000000,5149.360000
1,6,2016,3,0.000000,2231.670000
1,6,2016,4,0.000000,2495.710000
1,6,2016,5,0.000000,988.000000
1,6,2016,6,0.000000,2207.820000
1,6,2016,7,0.000000,1189.390000
1,6,2016,8,0.000000,2110.190000
1,6,2016,9,0.000000,2793.800000
1,6,2016,10,0.000000,2212.640000
1,6,2016,11,0.000000,270.000000
1,6,2016,12,0.000000,2718.700000
1,6,2017,1,0.000000,2336.820000
1,6,2017,2,0.000000,6226.510000
1,6,2017,3,0.000000,875.700000
1,6,2017,4,0.000000,875.700000
1,6,2017,5,0.000000,4784.560000
1,6,2017,6,0.000000,3750.110000
1,6,2017,7,0.000000,3451.400000
1,6,2017,8,0.000000,7079.930000
1,6,2017,9,0.000000,397.720000
1,6,2017,10,0.000000,2185.420000
1,6,2017,11,0.000000,1752.970000
1,6,2017,12,0.000000,737.330000
1,6,2018,1,0.000000,737.330000
1,6,2018,2,0.000000,737.350000
1,6,2018,6,0.000000,6000.000000
1,6,2018,7,0.000000,6000.000000
1,6,2018,8,0.000000,2668.840000
1,6,2018,9,0.000000,4592.660000
1,6,2018,10,0.000000,1004.310000
1,6,2018,11,0.000000,500.000000
1,6,2018,12,0.000000,631.800000
1,6,2019,1,0.000000,631.800000
1,6,2019,2,0.000000,500.000000
1,6,2019,7,0.000000,5131.460000
1,6,2019,8,0.000000,6483.270000
1,6,2019,9,0.000000,3131.470000
1,6,2019,11,0.000000,1118.180000
1,6,2020,10,0.000000,1190.430000
1,6,2020,11,0.000000,2296.480000
1,6,2021,1,0.000000,620.780000
1,6,2021,2,0.000000,4231.600000
1,6,2021,3,0.000000,4545.290000
1,6,2021,4,0.000000,3474.150000
1,6,2021,5,0.000000,11091.350000
1,6,2021,6,0.000000,2630.430000
1,6,2021,7,0.000000,935.680000
1,6,2021,8,0.000000,947.000000
1,6,2021,9,0.000000,573.000000
1,6,2021,10,0.000000,11246.890000
1,6,2021,11,0.000000,13650.120000
1,6,2021,12,0.000000,3519.000000
1,6,2022,1,0.000000,3811.450000
1,6,2022,2,0.000000,4869.570000
1,6,2022,3,0.000000,4839.800000
1,6,2022,4,0.000000,2584.170000
1,6,2022,5,0.000000,7026.000000
1,6,2022,6,0.000000,15373.860000
1,6,2022,7,0.000000,4522.240000
1,6,2022,8,0.000000,12604.670000
1,6,2022,9,0.000000,3130.360000
1,6,2022,10,0.000000,7864.000000
1,6,2022,11,0.000000,5794.210000
1,6,2022,12,0.000000,20149.860000
1,6,2023,1,0.000000,5715.400000
1,6,2023,2,0.000000,13797.890000
1,6,2023,3,0.000000,10929.600000
1,6,2023,4,0.000000,13523.050000
1,6,2023,5,0.000000,28547.670000
1,6,2023,6,0.000000,7020.870000
1,6,2023,7,0.000000,3748.000000
1,6,2023,8,0.000000,17258.320000
1,6,2023,9,0.000000,37891.880000
1,6,2023,10,0.000000,21093.050000
1,6,2023,11,0.000000,15552.540000
1,6,2023,12,0.000000,6435.000000
1,6,2024,1,0.000000,6991.960000
1,6,2024,2,0.000000,7165.670000
1,6,2024,3,0.000000,12698.720000
1,6,2024,4,0.000000,11355.770000
1,6,2024,5,0.000000,3634.990000
1,6,2024,6,0.000000,3762.000000
1,6,2024,7,0.000000,6736.960000
1,6,2024,8,0.000000,9540.270000
1,6,2024,9,0.000000,5208.700000
1,6,2024,10,0.000000,15098.590000
1,6,2024,11,0.000000,27858.270000
1,6,2024,12,0.000000,15691.890000
1,6,2025,1,0.000000,2168.440000
1,6,2025,2,0.000000,7937.970000
1,6,2025,3,0.000000,4171.420000
1,6,2025,4,0.000000,12452.180000
1,6,2025,5,0.000000,8908.560000
1,6,2025,6,0.000000,10612.300000
1,6,2025,7,0.000000,16240.250000
1,6,2025,8,0.000000,17151.210000
1,6,2025,9,0.000000,2794.930000
1,6,2025,10,0.000000,16144.820000
1,6,2025,11,0.000000,1947.570000
1,6,2025,12,0.000000,25246.190000
1,6,2026,1,0.000000,8055.530000
1,6,2026,2,0.000000,21113.260000
1,6,2026,3,0.000000,3215.320000
1,6,2026,4,0.000000,3914.630000
1,6,2026,5,0.000000,7010.720000
1,7,2009,3,0.000000,400.000000
1,7,2009,4,0.000000,1885.000000
1,7,2009,5,0.000000,354.000000
1,7,2009,6,0.000000,6722.000000
1,7,2009,7,0.000000,218.000000
1,7,2010,5,0.000000,2445.000000
1,7,2010,6,0.000000,3714.000000
1,7,2010,7,0.000000,1456.840000
1,7,2010,8,0.000000,3910.000000
1,7,2010,9,0.000000,2808.000000
1,7,2010,10,0.000000,3075.000000
1,7,2010,11,0.000000,3300.000000
1,7,2011,1,0.000000,1322.000000
1,7,2011,2,0.000000,3385.000000
1,7,2011,3,0.000000,4263.000000
1,7,2011,4,0.000000,5624.000000
1,7,2011,5,0.000000,23489.130000
1,7,2011,6,0.000000,1147.000000
1,7,2011,7,0.000000,205.000000
1,7,2011,8,0.000000,858.000000
1,7,2011,9,0.000000,53.400000
1,7,2011,10,0.000000,4679.000000
1,7,2011,11,0.000000,190.000000
1,7,2012,1,0.000000,115.000000
1,7,2012,3,0.000000,637.500000
1,7,2012,4,0.000000,3407.000000
1,7,2012,5,0.000000,3604.500000
1,7,2012,6,0.000000,2772.000000
1,7,2012,7,0.000000,7423.000000
1,7,2012,8,0.000000,13703.000000
1,7,2012,9,0.000000,12541.000000
1,7,2012,10,0.000000,3136.330000
1,7,2012,11,0.000000,6260.000000
1,7,2012,12,0.000000,3303.000000
1,7,2013,1,0.000000,10474.000000
1,7,2013,2,0.000000,6303.500000
1,7,2013,3,0.000000,9579.500000
1,7,2013,4,0.000000,2486.250000
1,7,2013,5,0.000000,21929.600000
1,7,2013,6,0.000000,1522.500000
1,7,2013,7,0.000000,3113.000000
1,7,2013,8,0.000000,4075.000000
1,7,2013,9,0.000000,24602.000000
1,7,2013,10,0.000000,2789.000000
1,7,2013,11,0.000000,720.000000
1,7,2013,12,0.000000,3480.000000
1,7,2014,2,0.000000,1260.000000
1,7,2014,3,0.000000,4343.000000
1,7,2014,4,0.000000,4125.000000
1,7,2014,5,0.000000,1667.000000
1,7,2014,6,0.000000,1752.000000
1,7,2014,7,0.000000,7024.000000
1,7,2014,8,0.000000,582.000000
1,7,2014,9,0.000000,3250.000000
1,7,2014,10,0.000000,3450.000000
1,7,2014,11,0.000000,644.000000
1,7,2014,12,0.000000,957.000000
1,7,2015,2,0.000000,400.000000
1,7,2015,3,0.000000,1270.000000
1,7,2015,5,0.000000,8980.000000
1,7,2015,11,0.000000,230.000000
1,7,2016,2,0.000000,597.000000
1,7,2016,7,0.000000,1275.000000
1,7,2021,3,0.000000,525.910000
1,7,2021,4,0.000000,14.090000
1,7,2022,1,0.000000,14800.420000
1,7,2023,11,0.000000,210.000000
