branch_code,date,total_cost,total_amount,total_profit,count_sales
1,2023-06-03,497.060000,1360.090000,863.030000,36
1,2023-07-08,374.540000,1056.400000,681.860000,27
1,2023-07-10,1200.230000,3512.790000,2312.560000,125
1,2023-07-24,851.310000,2571.600000,1720.290000,93
1,2023-08-10,1065.170000,3611.200000,2546.030000,111
1,2023-08-26,558.900000,1688.700000,1129.800000,35
1,2023-08-28,1528.530000,3286.990000,1758.460000,134
1,2023-09-13,1795.290000,3577.380000,1782.090000,111
1,2023-09-29,1635.010000,4294.990000,2659.980000,118
1,2023-11-01,1317.500000,3358.400000,2040.900000,117
1,2023-12-04,2749.710000,6457.000000,3707.290000,150
1,2023-12-22,2112.260000,4571.370000,2459.110000,100
1,2024-01-25,1675.430000,4132.600000,2457.170000,99
1,2024-02-10,381.730000,929.800000,548.070000,18
1,2024-02-27,1763.380000,3555.800000,1792.420000,96
1,2024-02-29,3107.750000,6193.700000,3085.950000,111
1,2024-03-15,1873.820000,4191.480000,2317.660000,127
1,2024-03-16,1562.200000,3284.150000,1721.950000,70
1,2024-03-30,585.050000,1460.900000,875.850000,25
1,2024-04-17,1148.710000,3875.220000,2726.510000,112
1,2024-05-20,1349.140000,3531.200000,2182.060000,107
1,2024-05-21,2485.570000,5149.400000,2663.830000,106
1,2024-06-22,606.680000,1644.600000,1037.920000,31
1,2024-07-09,1509.030000,4211.820000,2702.790000,119
1,2024-07-27,397.950000,1288.800000,890.850000,23
1,2024-08-28,1452.730000,3625.000000,2172.270000,93
1,2024-09-13,937.960000,3300.700000,2362.740000,101
1,2024-09-14,683.510000,1804.600000,1121.090000,33
1,2024-11-04,2279.730000,7480.730000,5201.000000,155
1,2024-11-05,1464.790000,4337.550000,2872.760000,153
1,2024-11-20,302.540000,863.900000,561.360000,13
1,2024-12-07,463.080000,1920.600000,1457.520000,46
1,2024-12-09,1669.470000,4443.000000,2773.530000,139
1,2025-01-09,1994.270000,4786.250000,2791.980000,94
1,2025-01-10,2986.010000,6347.200000,3361.190000,86
1,2025-02-11,3279.820000,7035.950000,3756.130000,169
1,2025-02-13,2113.570000,5220.150000,3106.580000,148
1,2025-02-14,1883.840000,5559.070000,3675.230000,179
1,2025-02-28,1381.550000,4465.840000,3084.290000,117
1,2025-03-16,417.270000,672.060000,254.790000,7
1,2025-03-17,1391.400000,4312.950000,2921.550000,175
1,2025-03-18,1474.570000,4933.350000,3458.780000,179
1,2025-03-19,1364.920000,4361.500000,2996.580000,179
1,2025-04-02,2279.230000,5906.900000,3627.670000,214
1,2025-04-05,598.310000,1620.400000,1022.090000,35
1,2025-04-19,509.460000,1175.900000,666.440000,31
1,2025-05-05,1928.420000,4794.500000,2866.080000,138
1,2025-05-06,2226.150000,6732.160000,4506.010000,163
1,2025-05-07,1971.380000,5027.580000,3056.200000,183
1,2025-06-09,3021.600000,6881.000000,3859.400000,237
1,2025-06-10,1841.190000,4439.800000,2598.610000,157
1,2025-06-25,2281.640000,5540.700000,3259.060000,227
1,2025-06-27,977.450000,2827.430000,1849.980000,100
1,2025-07-14,1912.750000,4377.570000,2464.820000,105
1,2025-07-28,1313.520000,4036.180000,2722.660000,88
1,2025-08-15,2178.680000,6000.150000,3821.470000,228
1,2025-08-16,1092.790000,2502.300000,1409.510000,76
1,2025-08-17,163.150000,326.000000,162.850000,4
1,2025-09-02,2490.240000,5576.800000,3086.560000,189
1,2025-09-18,2306.820000,4992.650000,2685.830000,199
1,2025-10-04,35.760000,90.000000,54.240000,8
1,2025-10-22,1907.420000,4991.700000,3084.280000,189
1,2025-12-11,2133.820000,4831.640000,2697.820000,143
1,2025-12-26,1216.910000,3128.770000,1911.860000,58
1,2026-01-14,2115.780000,5307.900000,3192.120000,81
1,2026-01-29,3170.090000,7144.410000,3974.320000,111
1,2026-02-13,1939.200000,5325.200000,3386.000000,190
1,2026-03-02,1528.660000,4602.200000,3073.540000,197
1,2026-03-05,2312.310000,5687.100000,3374.790000,216
1,2026-04-06,2229.090000,5608.650000,3379.560000,195
1,2026-04-07,2838.910000,7172.550000,4333.640000,208
1,2026-04-22,2049.430000,6083.650000,4034.220000,186
1,2026-04-23,1818.200000,4438.750000,2620.550000,187
1,2023-06-07,1355.780000,3834.090000,2478.310000,137
1,2023-06-09,1044.210000,2701.800000,1657.590000,89
1,2023-06-16,780.640000,2240.510000,1459.870000,118
1,2023-07-06,1490.300000,4285.400000,2795.100000,151
1,2023-07-11,964.430000,2873.600000,1909.170000,112
1,2023-07-13,904.430000,3177.100000,2272.670000,108
1,2023-07-29,382.010000,945.600000,563.590000,25
1,2023-08-25,1518.620000,3526.500000,2007.880000,116
1,2023-08-30,1437.730000,3198.840000,1761.110000,114
1,2023-10-03,1245.880000,3331.700000,2085.820000,114
1,2023-10-14,127.750000,334.290000,206.540000,13
1,2023-11-08,1565.510000,3704.600000,2139.090000,122
1,2023-11-22,1345.650000,2970.200000,1624.550000,104
1,2023-12-26,2135.080000,5229.400000,3094.320000,91
1,2024-01-02,1415.350000,3298.580000,1883.230000,73
1,2024-02-14,839.870000,2233.790000,1393.920000,78
1,2024-04-04,1453.500000,3819.900000,2366.400000,117
1,2024-04-15,1640.230000,4243.800000,2603.570000,123
1,2024-04-22,1090.440000,3187.900000,2097.460000,111
1,2024-04-29,1425.070000,4573.690000,3148.620000,100
1,2024-06-20,1243.760000,3324.750000,2080.990000,118
1,2024-07-15,1209.650000,3863.530000,2653.880000,81
1,2024-07-24,1063.380000,3092.800000,2029.420000,96
1,2024-07-29,1946.740000,4579.050000,2632.310000,108
1,2024-08-16,1633.500000,3919.500000,2286.000000,114
1,2024-08-23,1103.560000,3425.650000,2322.090000,105
1,2024-09-10,1270.860000,4018.590000,2747.730000,124
1,2024-09-26,1329.330000,3766.300000,2436.970000,123
1,2024-10-14,1369.440000,4426.100000,3056.660000,106
1,2024-11-01,1639.670000,5377.750000,3738.080000,157
1,2024-11-08,1627.160000,5236.160000,3609.000000,166
1,2024-11-26,2064.390000,5156.700000,3092.310000,173
1,2024-12-05,1898.570000,5085.600000,3187.030000,145
1,2024-12-12,1589.850000,4460.400000,2870.550000,111
1,2024-12-30,2045.030000,4862.600000,2817.570000,89
1,2025-01-13,3401.040000,7767.590000,4366.550000,108
1,2025-01-15,1900.390000,4488.390000,2588.000000,81
1,2025-03-20,2139.370000,6817.900000,4678.530000,185
1,2025-04-09,2087.330000,4838.950000,2751.620000,175
1,2025-05-11,797.110000,3023.300000,2226.190000,30
1,2025-05-20,1506.220000,3557.120000,2050.900000,123
1,2025-06-05,2714.890000,6910.520000,4195.630000,135
1,2025-06-07,768.230000,2073.670000,1305.440000,46
1,2025-06-12,2787.720000,6384.500000,3596.780000,223
1,2025-06-14,737.940000,1777.120000,1039.180000,41
1,2025-06-21,1026.420000,1644.500000,618.080000,40
1,2025-06-30,3221.850000,7451.600000,4229.750000,232
1,2025-08-10,492.950000,992.250000,499.300000,20
1,2025-09-06,1099.410000,2887.700000,1788.290000,77
1,2025-09-13,622.940000,1657.100000,1034.160000,30
1,2025-09-22,2479.930000,5400.150000,2920.220000,200
1,2025-10-24,2065.380000,5467.200000,3401.820000,201
1,2025-11-27,2460.860000,5513.300000,3052.440000,193
1,2025-12-22,1460.840000,3939.090000,2478.250000,84
1,2025-12-24,2773.510000,7753.920000,4980.410000,82
1,2026-01-27,3821.120000,8566.380000,4745.260000,108
1,2026-02-03,3945.500000,10822.090000,6876.590000,276
1,2026-02-10,1641.380000,5305.100000,3663.720000,220
1,2026-02-12,1451.890000,4798.400000,3346.510000,191
1,2026-02-28,774.600000,1587.700000,813.100000,34
1,2026-03-16,2234.380000,7182.000000,4947.620000,189
1,2026-03-18,1952.230000,5149.250000,3197.020000,200
1,2026-03-23,1769.120000,5108.900000,3339.780000,184
1,2026-04-17,1762.570000,4404.700000,2642.130000,174
1,2026-05-05,2221.260000,5205.450000,2984.190000,228
1,2026-05-07,3568.060000,7105.330000,3537.270000,218
1,2026-05-12,2508.270000,5801.250000,3292.980000,217
1,2026-05-14,2830.650000,5965.330000,3134.680000,202
1,2026-05-23,1436.200000,2910.030000,1473.830000,39
1,2023-06-28,1052.340000,3041.800000,1989.460000,121
1,2023-07-18,1073.730000,2850.200000,1776.470000,90
1,2023-08-01,1915.580000,4200.490000,2284.910000,128
1,2023-08-04,1079.300000,2996.590000,1917.290000,110
1,2023-08-17,954.220000,2719.500000,1765.280000,100
1,2023-08-18,1092.320000,4063.100000,2970.780000,110
1,2023-08-21,951.890000,2502.200000,1550.310000,104
1,2023-09-05,1845.030000,4364.800000,2519.770000,118
1,2023-09-20,1266.440000,3163.400000,1896.960000,119
1,2023-09-21,1788.490000,3777.870000,1989.380000,114
1,2023-09-22,1785.940000,4403.500000,2617.560000,119
1,2023-10-10,1575.970000,3526.460000,1950.490000,104
1,2023-10-23,1494.790000,3890.500000,2395.710000,154
1,2023-11-09,900.010000,2780.660000,1880.650000,92
1,2023-12-13,1602.030000,3741.000000,2138.970000,106
1,2024-01-15,4027.230000,8188.550000,4161.320000,120
1,2024-01-17,3690.850000,7214.300000,3523.450000,99
1,2024-01-18,3706.640000,7548.900000,3842.260000,111
1,2024-02-02,2148.360000,4768.800000,2620.440000,113
1,2024-02-17,521.930000,946.390000,424.460000,23
1,2024-02-20,513.500000,1327.950000,814.450000,53
1,2024-03-05,2138.920000,4072.990000,1934.070000,121
1,2024-03-07,1226.580000,3175.290000,1948.710000,103
1,2024-03-08,1961.160000,4554.400000,2593.240000,126
1,2024-03-23,772.020000,1700.900000,928.880000,38
1,2024-04-25,1064.760000,3347.900000,2283.140000,93
1,2024-04-27,457.080000,1464.950000,1007.870000,40
1,2024-05-31,2182.010000,4509.170000,2327.160000,99
1,2024-06-14,1391.060000,3746.600000,2355.540000,114
1,2024-06-15,624.870000,1589.700000,964.830000,36
1,2024-07-02,1346.400000,3804.590000,2458.190000,117
1,2024-07-03,891.520000,2991.700000,2100.180000,110
1,2024-07-19,1183.220000,3064.200000,1880.980000,81
1,2024-08-05,1314.450000,3367.290000,2052.840000,98
1,2024-08-20,1236.760000,3138.700000,1901.940000,107
1,2024-10-09,1216.190000,3345.980000,2129.790000,100
1,2024-10-28,1078.990000,3487.100000,2408.110000,123
1,2024-11-11,1958.040000,5327.700000,3369.660000,144
1,2024-11-12,2553.100000,6381.000000,3827.900000,194
1,2024-11-13,1725.300000,5363.800000,3638.500000,178
1,2024-11-27,1459.760000,4111.060000,2651.300000,131
1,2024-11-28,579.940000,1904.730000,1324.790000,68
1,2024-12-14,685.270000,1407.500000,722.230000,27
1,2024-12-15,17.160000,60.000000,42.840000,1
1,2025-01-03,1183.520000,3515.940000,2332.420000,91
1,2025-01-20,2194.260000,5184.000000,2989.740000,94
1,2025-02-19,1960.400000,5945.360000,3984.960000,214
1,2025-02-21,1752.650000,4774.800000,3022.150000,191
1,2025-03-09,245.800000,666.490000,420.690000,6
1,2025-03-10,2893.820000,8267.700000,5373.880000,225
1,2025-03-27,1214.220000,3713.000000,2498.780000,139
1,2025-05-30,2774.840000,6106.400000,3331.560000,122
1,2025-05-31,2191.680000,4724.300000,2532.620000,220
1,2025-06-01,326.860000,709.500000,382.640000,5
1,2025-06-02,2049.010000,4674.700000,2625.690000,193
1,2025-07-04,2377.830000,6040.580000,3662.750000,184
1,2025-07-05,651.700000,1472.300000,820.600000,32
1,2025-07-21,1711.350000,4405.480000,2694.130000,96
1,2025-07-23,2419.440000,5404.730000,2985.290000,84
1,2025-08-07,2646.320000,5543.780000,2897.460000,198
1,2025-08-22,2451.330000,5677.800000,3226.470000,203
1,2025-08-25,2254.710000,4290.200000,2035.490000,195
1,2025-09-09,2869.100000,6936.810000,4067.710000,226
1,2025-09-10,2551.360000,6158.460000,3607.100000,194
1,2025-09-24,2328.620000,5560.300000,3231.680000,222
1,2025-09-26,2539.430000,5619.000000,3079.570000,203
1,2025-10-28,1579.060000,4052.000000,2472.940000,177
1,2025-11-16,55.090000,117.000000,61.910000,7
1,2025-11-30,6.670000,27.000000,20.330000,1
1,2025-12-01,2209.640000,5223.400000,3013.760000,201
1,2025-12-17,1478.280000,4928.900000,3450.620000,86
1,2026-01-20,1461.820000,4394.340000,2932.520000,84
1,2026-02-07,1155.460000,4213.190000,3057.730000,200
1,2026-02-23,1782.980000,4620.500000,2837.520000,190
1,2026-02-24,2270.750000,5699.980000,3429.230000,206
1,2026-02-25,3476.070000,7517.000000,4040.930000,205
1,2026-03-13,2397.310000,10874.600000,8477.290000,227
1,2026-04-15,1974.550000,4980.000000,3005.450000,186
1,2026-04-16,1975.440000,5327.800000,3352.360000,201
1,2026-04-30,2067.810000,5892.360000,3824.550000,197
1,2026-05-02,399.750000,1244.800000,845.050000,26
1,2026-05-19,3083.800000,6617.800000,3534.000000,229
1,2023-05-26,1339.380000,3823.120000,2483.740000,126
1,2023-05-29,1047.990000,2947.690000,1899.700000,109
1,2023-06-12,1390.050000,4729.300000,3339.250000,158
1,2023-07-01,303.290000,1152.900000,849.610000,33
1,2023-07-15,369.520000,1345.090000,975.570000,38
1,2023-07-17,1220.510000,3962.820000,2742.310000,124
1,2023-08-02,1105.140000,3073.200000,1968.060000,108
1,2023-08-03,1342.310000,3469.590000,2127.280000,115
1,2023-08-19,443.800000,1160.350000,716.550000,23
1,2023-10-24,1486.130000,3400.750000,1914.620000,124
1,2023-10-26,1244.180000,2989.200000,1745.020000,97
1,2023-11-11,702.360000,1629.750000,927.390000,38
1,2023-11-28,1124.410000,2312.500000,1188.090000,93
1,2023-11-29,1409.070000,3422.000000,2012.930000,105
1,2023-12-16,552.350000,1553.800000,1001.450000,32
1,2023-12-30,969.510000,2153.000000,1183.490000,33
1,2024-02-01,3199.210000,6348.300000,3149.090000,111
1,2024-03-06,2215.280000,4184.500000,1969.220000,127
1,2024-03-25,1887.790000,4414.500000,2526.710000,120
1,2024-04-09,1352.860000,3863.890000,2511.030000,114
1,2024-04-10,1413.420000,3840.000000,2426.580000,133
1,2024-05-28,1476.590000,3989.700000,2513.110000,106
1,2024-05-29,1645.800000,4314.200000,2668.400000,130
1,2024-07-18,969.930000,2877.700000,1907.770000,90
1,2024-07-20,718.570000,1628.200000,909.630000,28
1,2024-08-06,1181.670000,3594.400000,2412.730000,98
1,2024-08-22,1751.760000,4466.790000,2715.030000,121
1,2024-09-05,1438.720000,4716.300000,3277.580000,102
1,2024-10-08,1134.480000,3649.990000,2515.510000,111
1,2024-10-10,827.170000,2658.300000,1831.130000,85
1,2024-10-26,814.760000,2540.600000,1725.840000,52
1,2024-11-14,1698.240000,5740.700000,4042.460000,165
1,2024-11-29,1160.750000,3678.730000,2517.980000,89
1,2024-12-16,1029.180000,3339.600000,2310.420000,96
1,2024-12-17,1722.760000,4911.980000,3189.220000,107
1,2025-01-02,1379.150000,3931.000000,2551.850000,85
1,2025-01-17,1905.400000,4453.400000,2548.000000,82
1,2025-02-05,2334.540000,6225.970000,3891.430000,176
1,2025-03-08,1180.160000,3485.330000,2305.170000,64
1,2025-03-11,1626.590000,5357.300000,3730.710000,207
1,2025-03-24,2693.770000,6620.270000,3926.500000,190
1,2025-03-25,1756.980000,4748.420000,2991.440000,188
1,2025-04-28,2657.830000,5810.900000,3153.070000,222
1,2025-05-13,2342.160000,5560.500000,3218.340000,211
1,2025-06-16,3017.840000,7499.000000,4481.160000,301
1,2025-06-19,338.900000,778.500000,439.600000,59
1,2025-07-03,2232.060000,5443.300000,3211.240000,197
1,2025-07-22,1604.340000,3478.150000,1873.810000,83
1,2025-08-05,2583.430000,5918.590000,3335.160000,238
1,2025-08-06,2571.080000,4938.000000,2366.920000,199
1,2025-08-08,2928.970000,7195.050000,4266.080000,231
1,2025-08-23,957.150000,1956.000000,998.850000,27
1,2025-09-08,2449.600000,5256.010000,2806.410000,212
1,2025-10-11,779.340000,1758.750000,979.410000,37
1,2025-10-13,1171.750000,2576.790000,1405.040000,90
1,2025-10-14,1418.040000,4019.930000,2601.890000,90
1,2025-12-02,2404.300000,5266.400000,2862.100000,198
1,2025-12-18,1872.950000,5693.560000,3820.610000,93
1,2026-01-05,2935.450000,6129.700000,3194.250000,93
1,2026-01-21,1952.680000,4899.780000,2947.100000,92
1,2026-01-22,2384.980000,6262.640000,3877.660000,83
1,2026-03-10,2502.610000,9351.100000,6848.490000,223
1,2026-03-11,2343.190000,5161.450000,2818.260000,211
1,2026-03-12,2406.370000,5698.050000,3291.680000,215
1,2026-03-28,776.760000,2004.150000,1227.390000,36
1,2026-03-29,8.320000,28.000000,19.680000,1
1,2026-04-14,1673.860000,4402.980000,2729.120000,182
1,2026-04-29,1560.680000,4384.900000,2824.220000,189
1,2026-05-03,305.250000,595.000000,289.750000,1
1,2026-05-16,1860.330000,2962.500000,1102.170000,54
1,2023-05-23,1034.600000,2991.000000,1956.400000,130
1,2023-06-10,583.020000,1493.900000,910.880000,42
1,2023-06-17,637.610000,2220.400000,1582.790000,77
1,2023-06-19,933.450000,2819.560000,1886.110000,126
1,2023-06-24,375.130000,960.300000,585.170000,32
1,2023-06-26,1354.920000,3776.510000,2421.590000,166
1,2023-07-05,1191.900000,3278.660000,2086.760000,118
1,2023-08-31,980.850000,2774.090000,1793.240000,112
1,2023-09-18,1119.700000,2971.700000,1852.000000,120
1,2023-09-27,1296.800000,3302.300000,2005.500000,113
1,2023-10-06,1214.540000,3047.080000,1832.540000,93
1,2023-10-20,1422.840000,3206.900000,1784.060000,108
1,2023-10-27,1646.040000,3469.100000,1823.060000,79
1,2023-12-09,701.120000,1785.800000,1084.680000,36
1,2023-12-11,1978.740000,4613.500000,2634.760000,106
1,2024-01-05,1579.750000,4212.600000,2632.850000,94
1,2024-01-12,2575.000000,5623.800000,3048.800000,113
1,2024-01-19,2648.190000,5569.280000,2921.090000,78
1,2024-02-06,2368.820000,5185.200000,2816.380000,118
1,2024-02-08,2486.360000,5463.200000,2976.840000,111
1,2024-03-04,2446.490000,5183.060000,2736.570000,136
1,2024-03-09,555.770000,1280.900000,725.130000,33
1,2024-03-11,1316.490000,3405.000000,2088.510000,108
1,2024-03-20,1773.430000,3980.600000,2207.170000,123
1,2024-04-05,1618.750000,4661.610000,3042.860000,128
1,2024-04-12,1077.200000,3007.800000,1930.600000,96
1,2024-05-16,1840.460000,4261.500000,2421.040000,113
1,2024-05-18,353.630000,934.600000,580.970000,24
1,2024-05-25,603.530000,1485.700000,882.170000,36
1,2024-06-03,1323.170000,3496.500000,2173.330000,118
1,2024-06-21,1738.380000,4357.320000,2618.940000,105
1,2024-06-28,2355.020000,6653.190000,4298.170000,119
1,2024-07-05,1033.690000,2968.900000,1935.210000,78
1,2024-07-23,2268.570000,7918.900000,5650.330000,80
1,2024-07-30,2603.960000,5420.110000,2816.150000,109
1,2024-08-01,1243.040000,3136.900000,1893.860000,109
1,2024-09-09,1023.270000,3289.690000,2266.420000,119
1,2024-10-22,1173.110000,3715.680000,2542.570000,113
1,2024-10-24,1807.810000,5548.600000,3740.790000,180
1,2024-10-31,1796.620000,5129.100000,3332.480000,172
1,2024-12-04,2416.010000,7017.080000,4601.070000,177
1,2024-12-18,1816.920000,4865.850000,3048.930000,104
1,2024-12-27,1933.350000,5090.000000,3156.650000,99
1,2025-01-23,2479.970000,5779.950000,3299.980000,122
1,2025-02-01,1112.800000,2912.600000,1799.800000,47
1,2025-02-15,772.690000,2139.850000,1367.160000,35
1,2025-02-17,1583.500000,4894.420000,3310.920000,210
1,2025-02-24,1259.220000,4083.600000,2824.380000,190
1,2025-03-12,1953.800000,5654.400000,3700.600000,181
1,2025-03-14,1265.630000,4057.600000,2791.970000,128
1,2025-04-06,23.180000,54.900000,31.720000,4
1,2025-04-08,2012.760000,5383.430000,3370.670000,168
1,2025-04-15,2981.810000,6409.180000,3427.370000,249
1,2025-05-12,3411.990000,7631.000000,4219.010000,269
1,2025-05-26,3269.270000,8385.880000,5116.610000,313
1,2025-06-13,3180.790000,6724.780000,3543.990000,222
1,2025-06-20,1082.020000,2727.700000,1645.680000,72
1,2025-07-08,3056.450000,6078.900000,3022.450000,185
1,2025-08-02,774.310000,1577.400000,803.090000,28
1,2025-08-09,1076.180000,2383.900000,1307.720000,40
1,2025-08-11,2359.580000,5174.930000,2815.350000,191
1,2025-08-20,1600.000000,4279.390000,2679.390000,199
1,2025-08-29,2772.710000,6102.400000,3329.690000,217
1,2025-09-03,2508.780000,5630.120000,3121.340000,214
1,2025-09-12,3279.380000,6448.090000,3168.710000,203
1,2025-09-28,17.680000,47.000000,29.320000,5
1,2025-09-30,2650.700000,5617.100000,2966.400000,223
1,2025-10-07,2176.920000,5169.750000,2992.830000,228
1,2025-11-12,2158.710000,5262.100000,3103.390000,210
1,2025-12-23,1821.810000,4393.600000,2571.790000,103
1,2026-01-08,1855.880000,4529.730000,2673.850000,100
1,2026-01-10,779.590000,1696.000000,916.410000,30
1,2026-01-15,2264.290000,5228.200000,2963.910000,93
1,2026-01-17,1083.920000,2380.700000,1296.780000,26
1,2026-02-04,1351.560000,5017.740000,3666.180000,198
1,2026-03-24,735.880000,1855.500000,1119.620000,115
1,2026-03-26,1739.750000,5249.170000,3509.420000,197
1,2026-03-31,2400.680000,6577.980000,4177.300000,220
1,2026-05-13,3311.200000,7315.680000,4004.480000,218
1,2026-05-15,3105.310000,8449.900000,5344.590000,224
1,2026-05-22,3270.370000,7207.640000,3937.270000,188
1,2023-06-21,1065.430000,3532.890000,2467.460000,106
1,2023-06-22,1419.590000,3956.990000,2537.400000,110
1,2023-07-25,871.710000,2341.500000,1469.790000,85
1,2023-07-26,1054.030000,3206.980000,2152.950000,107
1,2023-07-27,993.200000,3114.950000,2121.750000,104
1,2023-08-11,1123.550000,3265.100000,2141.550000,115
1,2023-08-29,943.850000,2201.300000,1257.450000,91
1,2023-09-11,1361.080000,3286.300000,1925.220000,131
1,2023-09-12,1180.660000,3142.200000,1961.540000,123
1,2023-09-28,2659.870000,4785.270000,2125.400000,105
1,2023-10-18,1058.270000,2903.320000,1845.050000,98
1,2023-11-04,320.870000,1023.300000,702.430000,32
1,2023-12-06,1685.570000,3825.710000,2140.140000,113
1,2023-12-07,1919.840000,4492.600000,2572.760000,110
1,2023-12-21,1513.140000,3639.500000,2126.360000,86
1,2023-12-23,981.820000,2166.850000,1185.030000,37
1,2024-01-06,1611.550000,2985.650000,1374.100000,32
1,2024-01-08,2756.940000,6062.290000,3305.350000,108
1,2024-01-26,2089.460000,4510.140000,2420.680000,100
1,2024-02-09,1216.060000,2713.100000,1497.040000,83
1,2024-02-28,1956.860000,4063.700000,2106.840000,102
1,2024-03-14,2012.790000,4950.700000,2937.910000,117
1,2024-05-22,1695.500000,3879.600000,2184.100000,115
1,2024-06-05,4200.190000,7503.000000,3302.810000,108
1,2024-07-10,1130.960000,3368.390000,2237.430000,97
1,2024-07-11,1657.630000,4234.900000,2577.270000,116
1,2024-08-14,1360.020000,3652.650000,2292.630000,107
1,2024-08-27,1278.010000,3725.140000,2447.130000,107
1,2024-08-29,1192.000000,4087.590000,2895.590000,107
1,2024-08-30,2185.260000,6966.500000,4781.240000,113
1,2024-09-16,947.900000,2883.400000,1935.500000,121
1,2024-09-30,1137.260000,3186.440000,2049.180000,102
1,2024-10-02,2151.790000,5393.530000,3241.740000,97
1,2024-10-17,1171.830000,3471.300000,2299.470000,95
1,2024-10-19,531.310000,1567.850000,1036.540000,32
1,2024-11-21,1655.910000,4677.110000,3021.200000,158
1,2024-12-06,1886.160000,5515.850000,3629.690000,149
1,2024-12-24,3452.550000,9628.350000,6175.800000,98
1,2025-01-11,505.560000,1477.400000,971.840000,28
1,2025-01-27,3281.520000,6795.080000,3513.560000,93
1,2025-01-28,2700.840000,6622.850000,3922.010000,109
1,2025-02-27,2164.040000,5879.700000,3715.660000,191
1,2025-04-04,2386.320000,5518.100000,3131.780000,225
1,2025-04-21,269.150000,473.890000,204.740000,6
1,2025-05-22,1814.480000,6000.500000,4186.020000,104
1,2025-05-23,1675.560000,4758.300000,3082.740000,110
1,2025-05-24,423.120000,1128.200000,705.080000,24
1,2025-06-11,2116.990000,4666.750000,2549.760000,140
1,2025-06-24,2580.900000,6099.700000,3518.800000,211
1,2025-06-26,183418.750000,7074.650000,-176344.100000,215
1,2025-07-30,1766.250000,4198.450000,2432.200000,103
1,2025-08-14,2441.350000,6515.800000,4074.450000,196
1,2025-08-30,560.050000,1260.000000,699.950000,26
1,2025-09-16,2380.050000,5785.620000,3405.570000,222
1,2025-09-17,1829.130000,4564.700000,2735.570000,195
1,2025-09-19,2022.030000,4163.250000,2141.220000,147
1,2025-10-03,3196.540000,7016.780000,3820.240000,243
1,2025-10-21,4898.760000,19208.700000,14309.940000,223
1,2025-11-05,1826.580000,4504.380000,2677.800000,193
1,2025-11-06,2705.350000,6274.890000,3569.540000,242
1,2025-11-23,150.490000,534.900000,384.410000,3
1,2025-11-25,1761.590000,3881.800000,2120.210000,191
1,2025-12-08,3387.840000,7975.700000,4587.860000,182
1,2025-12-10,2678.530000,5049.000000,2370.470000,172
1,2025-12-27,396.430000,1006.800000,610.370000,20
1,2025-12-28,80.500000,356.000000,275.500000,1
1,2026-01-13,1748.340000,4413.190000,2664.850000,97
1,2026-01-28,2927.910000,6345.590000,3417.680000,111
1,2026-01-30,1934.990000,5045.510000,3110.520000,99
1,2026-01-31,2529.190000,4995.290000,2466.100000,40
1,2026-02-14,596.900000,1131.100000,534.200000,29
1,2026-03-19,1913.810000,5405.000000,3491.190000,198
1,2026-03-20,1934.210000,5237.500000,3303.290000,217
1,2026-03-21,343.170000,940.400000,597.230000,20
1,2026-05-09,1812.690000,3426.100000,1613.410000,69
1,2023-06-05,1390.280000,3963.960000,2573.680000,144
1,2023-06-06,1792.760000,5329.800000,3537.040000,129
1,2023-06-20,932.330000,2666.900000,1734.570000,122
1,2023-06-23,899.300000,2467.300000,1568.000000,105
1,2023-07-07,1090.680000,2996.500000,1905.820000,103
1,2023-08-09,882.120000,3478.600000,2596.480000,106
1,2023-08-12,346.710000,1560.700000,1213.990000,35
1,2023-09-14,1045.680000,2706.000000,1660.320000,105
1,2023-09-15,1558.370000,4634.000000,3075.630000,117
1,2023-09-30,359.750000,1000.000000,640.250000,29
1,2023-10-16,1365.960000,3238.050000,1872.090000,123
1,2023-10-17,1085.960000,2865.960000,1780.000000,111
1,2023-11-03,2277.210000,4924.100000,2646.890000,90
1,2023-11-17,1197.850000,3154.690000,1956.840000,97
1,2023-11-18,886.830000,1733.490000,846.660000,35
1,2023-11-21,1386.090000,3144.300000,1758.210000,108
1,2023-12-05,1816.260000,4636.590000,2820.330000,131
1,2024-01-09,3572.310000,7605.580000,4033.270000,114
1,2024-01-10,2174.260000,4937.800000,2763.540000,105
1,2024-01-23,3029.240000,6280.200000,3250.960000,131
1,2024-01-24,2665.540000,6036.980000,3371.440000,122
1,2024-02-26,2168.710000,4670.100000,2501.390000,118
1,2024-03-13,1661.670000,3618.400000,1956.730000,120
1,2024-04-01,1166.710000,3350.900000,2184.190000,107
1,2024-04-02,1680.560000,4117.200000,2436.640000,105
1,2024-04-16,1568.210000,3911.010000,2342.800000,124
1,2024-04-18,1082.020000,3128.400000,2046.380000,105
1,2024-04-19,1435.360000,4185.030000,2749.670000,127
1,2024-05-02,1364.890000,3677.700000,2312.810000,100
1,2024-05-03,1316.150000,3759.200000,2443.050000,112
1,2024-05-04,801.860000,2068.950000,1267.090000,38
1,2024-05-06,1125.510000,3804.850000,2679.340000,116
1,2024-06-06,2364.640000,5704.550000,3339.910000,132
1,2024-06-07,2329.540000,5784.200000,3454.660000,121
1,2024-06-08,769.880000,2273.200000,1503.320000,32
1,2024-06-24,1637.970000,3728.700000,2090.730000,127
1,2024-06-25,1203.270000,3528.700000,2325.430000,114
1,2024-07-08,1025.570000,3377.600000,2352.030000,94
1,2024-07-25,1588.150000,4302.290000,2714.140000,88
1,2024-07-26,1107.630000,3104.900000,1997.270000,67
1,2024-08-12,1387.580000,4326.800000,2939.220000,132
1,2024-08-13,1653.620000,4176.450000,2522.830000,126
1,2024-08-31,827.880000,2517.740000,1689.860000,36
1,2024-10-01,2009.790000,5355.850000,3346.060000,122
1,2024-10-03,1063.350000,3506.000000,2442.650000,110
1,2024-10-18,1344.930000,4590.280000,3245.350000,105
1,2024-11-02,86.860000,336.600000,249.740000,8
1,2024-11-03,233.330000,601.420000,368.090000,9
1,2024-11-19,1165.580000,3565.250000,2399.670000,146
1,2024-11-22,1937.180000,5214.200000,3277.020000,156
1,2024-12-23,3667.810000,7682.300000,4014.490000,108
1,2024-12-26,2061.310000,5424.100000,3362.790000,105
1,2025-01-08,1756.070000,4215.800000,2459.730000,84
1,2025-01-25,623.360000,1256.800000,633.440000,18
1,2025-02-12,1551.380000,4842.950000,3291.570000,189
1,2025-03-01,629.770000,1840.640000,1210.870000,35
1,2025-04-03,1680.200000,4364.000000,2683.800000,150
1,2025-04-22,2200.720000,4701.000000,2500.280000,182
1,2025-05-08,2354.370000,6021.110000,3666.740000,192
1,2025-07-11,1708.670000,3810.350000,2101.680000,92
1,2025-07-12,3023.750000,4842.120000,1818.370000,80
1,2025-07-13,6.760000,22.900000,16.140000,2
1,2025-07-29,1905.770000,4512.990000,2607.220000,129
1,2025-07-31,2063.850000,4433.550000,2369.700000,132
1,2025-08-13,2744.840000,7071.550000,4326.710000,273
1,2025-09-01,3328.380000,8130.300000,4801.920000,192
1,2025-10-06,2383.380000,6262.900000,3879.520000,196
1,2025-10-20,2326.780000,5453.300000,3126.520000,210
1,2025-11-07,2231.070000,6514.350000,4283.280000,185
1,2025-11-08,661.670000,1054.550000,392.880000,35
1,2025-11-22,614.820000,1726.200000,1111.380000,31
1,2025-11-24,2407.400000,6914.700000,4507.300000,180
1,2025-12-09,2532.520000,5299.620000,2767.100000,175
1,2025-12-12,2100.850000,4887.710000,2786.860000,139
1,2026-01-11,15.330000,183.900000,168.570000,1
1,2026-01-12,2695.650000,5967.600000,3271.950000,96
1,2026-03-03,2355.510000,6082.000000,3726.490000,224
1,2026-03-04,2277.430000,5871.970000,3594.540000,200
1,2026-04-04,478.860000,1469.100000,990.240000,28
1,2026-04-08,1629.240000,3992.850000,2363.610000,192
1,2026-04-24,2131.200000,5977.750000,3846.550000,170
1,2026-05-08,3806.780000,8696.700000,4889.920000,243
1,2026-05-10,1053.010000,3032.000000,1978.990000,32
1,2026-05-11,3002.750000,6011.300000,3008.550000,206
1,2023-05-25,984.890000,2912.800000,1927.910000,104
1,2023-05-30,2824.400000,5799.000000,2974.600000,144
1,2023-07-03,1503.780000,4132.900000,2629.120000,102
1,2023-07-14,685.860000,2262.300000,1576.440000,84
1,2023-07-28,900.050000,2808.500000,1908.450000,87
1,2023-08-08,1155.360000,3161.900000,2006.540000,130
1,2023-08-13,88.070000,561.870000,473.800000,11
1,2023-08-15,1103.090000,3827.240000,2724.150000,127
1,2023-09-09,690.870000,1439.100000,748.230000,35
1,2023-10-31,1309.310000,2863.700000,1554.390000,103
1,2023-11-16,1469.100000,3188.200000,1719.100000,110
1,2023-11-25,462.820000,1045.500000,582.680000,24
1,2023-11-30,1337.710000,3126.000000,1788.290000,86
1,2023-12-02,641.020000,1352.800000,711.780000,38
1,2023-12-18,1444.300000,4020.250000,2575.950000,118
1,2023-12-20,1986.460000,4958.000000,2971.540000,134
1,2023-12-27,1601.730000,3439.200000,1837.470000,95
1,2024-02-15,1761.270000,3882.900000,2121.630000,110
1,2024-04-03,1136.720000,3250.850000,2114.130000,114
1,2024-04-30,1607.540000,3986.380000,2378.840000,104
1,2024-05-07,1813.330000,5420.590000,3607.260000,143
1,2024-06-10,1662.710000,4764.840000,3102.130000,124
1,2024-06-17,1241.070000,3635.890000,2394.820000,128
1,2024-06-19,1460.800000,3961.700000,2500.900000,108
1,2024-06-26,1221.850000,3589.700000,2367.850000,105
1,2024-07-12,1613.090000,3466.900000,1853.810000,82
1,2024-08-10,657.470000,1690.270000,1032.800000,37
1,2024-08-17,549.550000,1442.500000,892.950000,33
1,2024-08-24,928.820000,3303.100000,2374.280000,33
1,2024-08-26,1141.670000,3638.600000,2496.930000,85
1,2024-09-04,1010.820000,3627.800000,2616.980000,86
1,2024-09-20,1102.450000,3567.700000,2465.250000,111
1,2024-09-27,2400.180000,7435.900000,5035.720000,118
1,2024-11-16,332.710000,1084.800000,752.090000,31
1,2024-12-02,3224.910000,7929.200000,4704.290000,319
1,2024-12-11,1607.980000,4769.350000,3161.370000,139
1,2024-12-13,2951.150000,6120.400000,3169.250000,124
1,2024-12-20,1520.610000,4299.000000,2778.390000,87
1,2025-01-07,1590.310000,4385.670000,2795.360000,92
1,2025-01-14,2054.400000,4782.710000,2728.310000,85
1,2025-01-21,4098.360000,8313.700000,4215.340000,99
1,2025-01-30,3314.550000,8129.780000,4815.230000,107
1,2025-02-08,669.980000,1792.800000,1122.820000,48
1,2025-02-10,2957.190000,7392.100000,4434.910000,206
1,2025-03-05,1621.530000,4635.600000,3014.070000,134
1,2025-03-07,2559.030000,6886.030000,4327.000000,177
1,2025-03-23,20.730000,83.000000,62.270000,3
1,2025-04-01,1624.690000,4212.900000,2588.210000,144
1,2025-04-17,1821.210000,4286.380000,2465.170000,103
1,2025-04-24,1133.150000,2772.160000,1639.010000,91
1,2025-04-26,1091.490000,2536.610000,1445.120000,41
1,2025-05-10,747.570000,1945.300000,1197.730000,33
1,2025-05-21,2705.000000,6234.210000,3529.210000,275
1,2025-06-04,2156.230000,5051.160000,2894.930000,197
1,2025-07-01,2671.990000,5807.370000,3135.380000,215
1,2025-07-10,2208.240000,4918.930000,2710.690000,156
1,2025-07-15,1320.560000,3388.100000,2067.540000,95
1,2025-07-17,1485.330000,3505.700000,2020.370000,106
1,2025-07-26,790.300000,2310.050000,1519.750000,55
1,2025-08-04,3532.660000,7404.780000,3872.120000,226
1,2025-08-18,1785.300000,4902.500000,3117.200000,189
1,2025-09-05,2094.240000,5019.900000,2925.660000,179
1,2025-09-14,42.690000,81.000000,38.310000,6
1,2025-09-23,2421.280000,5853.850000,3432.570000,238
1,2025-10-09,2869.540000,6688.250000,3818.710000,239
1,2025-10-25,600.810000,1504.800000,903.990000,34
1,2025-10-27,2064.960000,5104.400000,3039.440000,209
1,2025-11-01,1246.600000,3229.400000,1982.800000,30
1,2025-11-03,1946.630000,4696.880000,2750.250000,189
1,2025-11-10,2085.880000,5189.030000,3103.150000,190
1,2025-11-26,2310.230000,7365.500000,5055.270000,173
1,2025-11-28,2102.490000,5820.300000,3717.810000,153
1,2025-12-30,983.360000,2958.670000,1975.310000,77
1,2026-01-26,3866.810000,8479.480000,4612.670000,118
1,2026-02-27,2843.210000,7306.890000,4463.680000,227
1,2026-03-17,1775.520000,4699.000000,2923.480000,218
1,2026-04-02,1561.620000,3883.400000,2321.780000,90
1,2026-04-11,608.340000,1250.700000,642.360000,26
1,2026-04-20,370.780000,-1280.440000,-1651.220000,67
1,2026-04-27,1716.930000,4651.010000,2934.080000,173
1,2026-05-04,2381.870000,5953.340000,3571.470000,219
1,2023-06-01,1256.960000,3381.500000,2124.540000,133
1,2023-07-12,1208.680000,3874.300000,2665.620000,135
1,2023-07-19,1177.830000,3401.700000,2223.870000,86
1,2023-07-21,1023.280000,3413.490000,2390.210000,103
1,2023-08-22,2836.330000,5094.100000,2257.770000,113
1,2023-08-24,1258.760000,3358.680000,2099.920000,115
1,2023-09-02,452.030000,966.700000,514.670000,21
1,2023-09-16,607.050000,1407.900000,800.850000,37
1,2023-09-25,1230.660000,3040.300000,1809.640000,122
1,2023-10-02,1557.510000,3280.890000,1723.380000,123
1,2023-10-11,1198.160000,3326.440000,2128.280000,93
1,2023-10-13,875.310000,2271.080000,1395.770000,60
1,2023-11-07,1247.030000,3630.400000,2383.370000,108
1,2023-11-14,1408.990000,3409.000000,2000.010000,109
1,2023-11-23,1150.050000,3028.790000,1878.740000,106
1,2024-01-03,1645.130000,3856.950000,2211.820000,100
1,2024-01-30,3335.270000,6362.740000,3027.470000,123
1,2024-02-22,706.700000,1567.500000,860.800000,45
1,2024-02-24,383.660000,681.000000,297.340000,14
1,2024-03-02,667.170000,1665.100000,997.930000,30
1,2024-03-18,1684.870000,4157.290000,2472.420000,114
1,2024-03-27,1301.840000,3025.800000,1723.960000,106
1,2024-04-23,925.950000,2904.590000,1978.640000,96
1,2024-05-09,1149.660000,3814.200000,2664.540000,107
1,2024-05-23,1261.660000,3151.900000,1890.240000,96
1,2024-05-27,1506.550000,3627.920000,2121.370000,98
1,2024-06-01,699.650000,1792.500000,1092.850000,29
1,2024-06-12,1877.090000,5152.000000,3274.910000,128
1,2024-08-08,1638.700000,4159.400000,2520.700000,114
1,2024-08-15,1147.480000,3006.790000,1859.310000,103
1,2024-09-02,1123.330000,3520.020000,2396.690000,112
1,2024-09-11,1221.520000,3332.680000,2111.160000,96
1,2024-09-18,1202.030000,3813.550000,2611.520000,99
1,2024-10-15,1172.540000,3857.000000,2684.460000,90
1,2024-10-29,2009.010000,6147.090000,4138.080000,172
1,2024-11-07,1660.360000,4668.900000,3008.540000,153
1,2024-11-09,500.580000,1576.290000,1075.710000,30
1,2024-11-18,1480.710000,4560.500000,3079.790000,160
1,2024-11-23,191.710000,734.900000,543.190000,25
1,2024-11-25,1945.460000,5799.600000,3854.140000,189
1,2025-02-06,2201.110000,6055.240000,3854.130000,177
1,2025-02-26,1547.410000,4867.300000,3319.890000,179
1,2025-03-21,1961.140000,5626.380000,3665.240000,215
1,2025-05-03,723.310000,1689.500000,966.190000,38
1,2025-05-19,3749.230000,7929.780000,4180.550000,288
1,2025-05-28,2584.380000,5785.500000,3201.120000,190
1,2025-06-06,2822.510000,5781.150000,2958.640000,230
1,2025-07-24,2894.600000,5851.300000,2956.700000,98
1,2025-08-27,2564.020000,5827.100000,3263.080000,224
1,2025-10-02,2038.640000,3908.300000,1869.660000,135
1,2025-10-16,938.640000,2643.030000,1704.390000,81
1,2025-10-18,1528.750000,4293.700000,2764.950000,52
1,2025-10-23,2150.190000,5832.350000,3682.160000,204
1,2025-11-17,2368.130000,5292.310000,2924.180000,199
1,2025-11-19,2798.670000,7880.700000,5082.030000,178
1,2025-11-21,3189.590000,8138.550000,4948.960000,135
1,2025-12-05,3397.440000,6902.450000,3505.010000,202
1,2025-12-07,101.500000,203.900000,102.400000,2
1,2025-12-16,1848.860000,3852.500000,2003.640000,90
1,2026-01-24,976.730000,3892.120000,2915.390000,39
1,2026-02-02,2433.380000,6275.420000,3842.040000,158
1,2026-02-09,1458.660000,5368.380000,3909.720000,197
1,2026-02-11,1426.120000,4741.690000,3315.570000,181
1,2026-02-18,1700.780000,4298.090000,2597.310000,97
1,2026-02-20,1612.530000,3998.300000,2385.770000,181
1,2026-03-06,2244.700000,6068.500000,3823.800000,208
1,2026-04-09,2069.050000,5486.200000,3417.150000,206
1,2026-04-18,704.720000,1707.980000,1003.260000,48
1,2026-04-25,688.440000,1883.400000,1194.960000,65
1,2026-05-06,2167.540000,7082.400000,4914.860000,215
1,2026-05-20,2578.570000,6019.300000,3440.730000,188
1,2023-05-31,855.990000,2519.100000,1663.110000,114
1,2023-06-27,1187.520000,3484.500000,2296.980000,154
1,2023-07-20,659.750000,2004.000000,1344.250000,84
1,2023-07-22,462.260000,1311.100000,848.840000,35
1,2023-07-31,1199.530000,3046.900000,1847.370000,94
1,2023-08-05,395.850000,1066.500000,670.650000,36
1,2023-08-14,1680.140000,4353.300000,2673.160000,160
1,2023-08-16,1180.320000,4072.640000,2892.320000,114
1,2023-09-01,1275.470000,3891.820000,2616.350000,118
1,2023-09-08,1377.000000,3105.590000,1728.590000,91
1,2023-09-26,1129.340000,3005.300000,1875.960000,104
1,2023-10-05,1070.330000,2558.700000,1488.370000,99
1,2023-10-21,795.070000,1428.600000,633.530000,28
1,2023-10-28,631.170000,1158.300000,527.130000,30
1,2023-11-13,1270.810000,2955.200000,1684.390000,109
1,2023-11-24,1642.950000,3602.780000,1959.830000,99
1,2023-12-19,1693.360000,4534.590000,2841.230000,120
1,2024-01-04,1738.250000,4080.540000,2342.290000,83
1,2024-01-11,2621.200000,4873.100000,2251.900000,89
1,2024-01-20,1151.000000,1851.400000,700.400000,35
1,2024-01-29,3035.470000,6988.590000,3953.120000,121
1,2024-01-31,4286.010000,7943.800000,3657.790000,99
1,2024-02-05,2197.810000,4340.250000,2142.440000,114
1,2024-02-16,2735.670000,5676.200000,2940.530000,106
1,2024-03-03,216.170000,387.900000,171.730000,3
1,2024-03-12,1488.970000,3846.590000,2357.620000,125
1,2024-03-28,2098.490000,5548.900000,3450.410000,95
1,2024-04-13,786.840000,2102.450000,1315.610000,41
1,2024-04-20,442.760000,1199.100000,756.340000,31
1,2024-05-08,1531.030000,4517.600000,2986.570000,122
1,2024-05-24,1011.290000,2982.600000,1971.310000,100
1,2024-06-29,464.070000,1257.250000,793.180000,26
1,2024-07-04,1218.620000,3271.900000,2053.280000,96
1,2024-07-22,1301.890000,3639.500000,2337.610000,86
1,2024-07-31,1231.220000,3460.890000,2229.670000,100
1,2024-08-07,1469.360000,4606.980000,3137.620000,130
1,2024-09-03,1569.590000,3896.000000,2326.410000,89
1,2024-09-12,2094.020000,5729.700000,3635.680000,133
1,2024-09-28,484.510000,1578.800000,1094.290000,30
1,2024-10-05,624.190000,1833.340000,1209.150000,32
1,2024-11-06,1933.620000,5241.600000,3307.980000,161
1,2024-12-03,2705.650000,6466.100000,3760.450000,171
1,2024-12-10,1834.440000,4843.200000,3008.760000,126
1,2025-01-04,885.890000,2333.500000,1447.610000,36
1,2025-01-22,2283.270000,5089.470000,2806.200000,84
1,2025-01-24,2230.780000,5324.450000,3093.670000,90
1,2025-01-29,13398.690000,19839.700000,6441.010000,93
1,2025-01-31,4762.510000,9534.750000,4772.240000,118
1,2025-03-06,1548.210000,4699.800000,3151.590000,161
1,2025-03-13,1224.580000,3774.800000,2550.220000,148
1,2025-03-15,903.610000,2947.000000,2043.390000,115
1,2025-03-22,544.420000,1984.000000,1439.580000,43
1,2025-03-29,1368.830000,3284.000000,1915.170000,88
1,2025-04-07,1968.040000,5188.250000,3220.210000,161
1,2025-04-16,2164.940000,5100.500000,2935.560000,174
1,2025-04-25,2248.060000,5118.400000,2870.340000,180
1,2025-05-09,2545.390000,6446.200000,3900.810000,222
1,2025-05-29,1707.870000,3621.300000,1913.430000,99
1,2025-06-23,2398.560000,5114.610000,2716.050000,203
1,2025-07-02,2172.900000,5290.250000,3117.350000,182
1,2025-07-07,2212.950000,5196.800000,2983.850000,162
1,2025-07-18,1460.820000,2961.000000,1500.180000,76
1,2025-07-25,1385.840000,3115.200000,1729.360000,66
1,2025-08-01,1707.130000,3656.500000,1949.370000,109
1,2025-08-26,2671.890000,5554.200000,2882.310000,239
1,2025-09-04,2084.180000,4701.350000,2617.170000,213
1,2025-09-15,1852.820000,3906.950000,2054.130000,190
1,2025-10-15,1338.260000,2767.480000,1429.220000,73
1,2025-10-17,1219.330000,2747.680000,1528.350000,64
1,2025-11-02,33.340000,127.000000,93.660000,2
1,2025-11-11,2733.750000,6576.500000,3842.750000,228
1,2025-11-18,2105.040000,4470.400000,2365.360000,194
1,2025-11-29,1646.310000,3537.000000,1890.690000,68
1,2025-12-04,2417.780000,5850.800000,3433.020000,197
1,2025-12-13,1216.190000,2109.600000,893.410000,34
1,2025-12-15,2187.950000,4362.500000,2174.550000,113
1,2025-12-29,1335.970000,3784.900000,2448.930000,80
1,2025-12-31,1402.960000,4067.280000,2664.320000,53
1,2026-01-09,1633.090000,3835.500000,2202.410000,98
1,2026-01-16,1796.810000,4361.000000,2564.190000,89
1,2026-02-19,1980.510000,5563.390000,3582.880000,204
1,2026-02-21,629.210000,1358.300000,729.090000,25
1,2026-02-26,1813.540000,4883.690000,3070.150000,187
1,2026-03-25,1053.730000,2809.300000,1755.570000,132
1,2026-04-01,2028.560000,5670.850000,3642.290000,204
1,2026-04-10,1872.620000,4578.000000,2705.380000,188
1,2026-04-19,28.310000,149.000000,120.690000,3
1,2023-05-27,354.500000,1024.530000,670.030000,27
1,2023-06-13,914.140000,2576.100000,1661.960000,114
1,2023-06-14,1160.070000,3732.580000,2572.510000,147
1,2023-06-15,602.760000,1996.000000,1393.240000,86
1,2023-06-29,1222.160000,3305.190000,2083.030000,98
1,2023-06-30,948.460000,2609.470000,1661.010000,103
1,2023-09-04,1179.380000,2679.790000,1500.410000,109
1,2023-09-06,1917.170000,4292.500000,2375.330000,129
1,2023-09-23,1398.130000,2646.100000,1247.970000,39
1,2023-10-07,489.240000,1083.700000,594.460000,29
1,2023-10-09,1157.170000,3071.580000,1914.410000,94
1,2023-10-25,1407.900000,2974.890000,1566.990000,110
1,2023-11-10,1309.160000,3291.000000,1981.840000,97
1,2023-11-27,1115.890000,2543.700000,1427.810000,113
1,2023-12-12,1257.990000,3647.200000,2389.210000,123
1,2023-12-14,1316.760000,4035.150000,2718.390000,111
1,2023-12-15,1416.390000,3871.000000,2454.610000,105
1,2023-12-29,1096.170000,3192.440000,2096.270000,81
1,2024-01-16,2404.690000,4945.000000,2540.310000,99
1,2024-02-03,2426.340000,4391.600000,1965.260000,51
1,2024-02-19,892.610000,2106.000000,1213.390000,57
1,2024-03-22,1742.400000,4821.600000,3079.200000,119
1,2024-04-08,1118.290000,3759.700000,2641.410000,121
1,2024-04-11,1086.770000,3313.080000,2226.310000,103
1,2024-04-24,1610.860000,4707.800000,3096.940000,137
1,2024-04-26,1394.010000,4196.300000,2802.290000,112
1,2024-05-11,677.290000,2015.400000,1338.110000,45
1,2024-05-12,517.950000,3080.200000,2562.250000,27
1,2024-05-13,1608.850000,4397.490000,2788.640000,126
1,2024-05-14,1394.530000,4350.200000,2955.670000,132
1,2024-06-13,1588.560000,4175.000000,2586.440000,129
1,2024-07-01,4256.510000,3699.920000,-556.590000,112
1,2024-07-17,1199.120000,3576.590000,2377.470000,104
1,2024-08-02,1080.610000,2924.000000,1843.390000,101
1,2024-08-03,445.620000,1167.990000,722.370000,32
1,2024-08-19,1826.630000,4512.700000,2686.070000,121
1,2024-08-21,1037.170000,3258.300000,2221.130000,91
1,2024-09-06,1210.990000,3870.000000,2659.010000,120
1,2024-09-23,1669.620000,4975.800000,3306.180000,118
1,2024-09-24,1408.500000,4073.460000,2664.960000,108
1,2024-09-25,1354.600000,4248.450000,2893.850000,93
1,2024-10-11,1446.420000,4115.480000,2669.060000,96
1,2024-10-25,1648.970000,4548.350000,2899.380000,132
1,2024-11-30,446.120000,1430.140000,984.020000,45
1,2024-12-31,1019.130000,3340.040000,2320.910000,52
1,2025-01-16,2097.770000,4748.000000,2650.230000,82
1,2025-01-18,326.450000,933.100000,606.650000,25
1,2025-02-03,2626.520000,6337.300000,3710.780000,165
1,2025-02-04,4527.250000,10221.070000,5693.820000,194
1,2025-02-20,1626.140000,4902.950000,3276.810000,169
1,2025-02-22,666.700000,2022.340000,1355.640000,42
1,2025-03-26,1782.360000,5728.390000,3946.030000,188
1,2025-03-28,1412.690000,4497.400000,3084.710000,163
1,2025-04-10,2472.140000,5867.900000,3395.760000,241
1,2025-04-11,1778.520000,4136.200000,2357.680000,150
1,2025-04-12,561.060000,1200.100000,639.040000,23
1,2025-04-29,3248.430000,5980.600000,2732.170000,187
1,2025-04-30,3476.480000,7857.900000,4381.420000,241
1,2025-05-14,2275.190000,4871.600000,2596.410000,210
1,2025-05-15,2254.450000,5515.300000,3260.850000,192
1,2025-05-16,1754.310000,4404.300000,2649.990000,135
1,2025-05-17,922.250000,1534.300000,612.050000,35
1,2025-06-17,2945.990000,6509.300000,3563.310000,207
1,2025-06-18,1744.180000,3976.900000,2232.720000,117
1,2025-07-19,630.740000,1190.750000,560.010000,29
1,2025-08-24,407.230000,2293.000000,1885.770000,5
1,2025-09-11,2386.640000,4780.750000,2394.110000,212
1,2025-09-25,3307.050000,8388.800000,5081.750000,230
1,2025-09-27,527.550000,1268.400000,740.850000,26
1,2025-10-29,2031.410000,5483.380000,3451.970000,217
1,2025-10-30,1884.770000,4680.580000,2795.810000,186
1,2025-10-31,2385.010000,7563.680000,5178.670000,209
1,2025-11-13,2284.940000,5362.750000,3077.810000,211
1,2025-11-14,2084.900000,4864.380000,2779.480000,187
1,2025-12-03,3426.230000,7997.950000,4571.720000,263
1,2025-12-19,1572.750000,4679.500000,3106.750000,83
1,2025-12-20,612.460000,1601.100000,988.640000,33
1,2026-01-02,1561.230000,3819.190000,2257.960000,60
1,2026-01-03,559.670000,1207.500000,647.830000,17
1,2026-01-06,2160.030000,5097.950000,2937.920000,96
1,2026-01-19,2269.630000,5051.800000,2782.170000,85
1,2026-02-05,2064.130000,6079.720000,4015.590000,178
1,2026-02-06,1649.700000,5658.300000,4008.600000,198
1,2026-03-27,2309.850000,6107.700000,3797.850000,199
1,2026-03-30,1886.330000,5228.980000,3342.650000,190
1,2026-04-13,2156.820000,5620.600000,3463.780000,198
1,2026-05-01,73.810000,183.000000,109.190000,11
1,2026-05-18,2861.340000,5563.500000,2702.160000,196
1,2023-05-24,1277.670000,3934.620000,2656.950000,137
1,2023-06-02,1527.780000,4285.480000,2757.700000,173
1,2023-07-04,1061.380000,2871.000000,1809.620000,118
1,2023-08-07,1181.720000,3628.100000,2446.380000,136
1,2023-08-23,1399.000000,3326.900000,1927.900000,107
1,2023-09-19,1127.830000,2889.330000,1761.500000,103
1,2023-10-19,1031.680000,2608.150000,1576.470000,99
1,2023-10-30,1950.260000,4321.100000,2370.840000,127
1,2023-11-06,1009.550000,2983.100000,1973.550000,119
1,2023-12-01,1652.250000,3589.700000,1937.450000,92
1,2023-12-08,1628.340000,3763.540000,2135.200000,111
1,2023-12-28,1784.240000,3963.180000,2178.940000,92
1,2024-01-13,1249.830000,2192.250000,942.420000,27
1,2024-01-22,2118.160000,4435.650000,2317.490000,92
1,2024-01-27,1968.470000,4059.550000,2091.080000,48
1,2024-02-07,1363.550000,2874.300000,1510.750000,99
1,2024-02-21,416.810000,1349.150000,932.340000,47
1,2024-02-23,2695.030000,4147.100000,1452.070000,68
1,2024-03-01,2913.990000,5596.100000,2682.110000,136
1,2024-03-19,1433.870000,3898.400000,2464.530000,127
1,2024-03-21,1978.240000,3677.880000,1699.640000,115
1,2024-03-26,1304.280000,3455.290000,2151.010000,109
1,2024-04-06,608.510000,1925.100000,1316.590000,45
1,2024-05-10,1602.050000,5228.300000,3626.250000,115
1,2024-05-15,1054.040000,3048.200000,1994.160000,99
1,2024-05-17,1719.360000,4808.830000,3089.470000,130
1,2024-06-04,1503.330000,3917.150000,2413.820000,113
1,2024-06-11,3597.530000,3380.390000,-217.140000,106
1,2024-06-18,999.480000,2814.800000,1815.320000,105
1,2024-06-27,1737.960000,4298.490000,2560.530000,104
1,2024-07-06,419.860000,1281.300000,861.440000,31
1,2024-07-13,1387.200000,2442.800000,1055.600000,47
1,2024-08-09,1524.660000,3503.540000,1978.880000,102
1,2024-09-17,2972.350000,8645.800000,5673.450000,116
1,2024-09-19,1099.070000,3453.340000,2354.270000,113
1,2024-09-21,737.130000,2083.240000,1346.110000,36
1,2024-10-07,1416.250000,4444.200000,3027.950000,135
1,2024-10-16,844.550000,3133.400000,2288.850000,92
1,2024-10-21,4065.900000,15167.490000,11101.590000,113
1,2024-10-23,1395.440000,4526.790000,3131.350000,111
1,2024-10-30,1215.280000,3682.640000,2467.360000,105
1,2024-12-19,1514.190000,4445.900000,2931.710000,102
1,2024-12-21,421.150000,1110.700000,689.550000,30
1,2024-12-28,320.280000,1254.000000,933.720000,24
1,2025-01-06,1340.940000,3691.000000,2350.060000,85
1,2025-02-07,2342.380000,5566.800000,3224.420000,164
1,2025-02-18,2288.040000,6734.100000,4446.060000,179
1,2025-02-25,1533.370000,4797.110000,3263.740000,184
1,2025-03-31,2156.540000,5156.800000,3000.260000,198
1,2025-04-14,2313.840000,5122.070000,2808.230000,152
1,2025-04-23,1915.610000,4381.430000,2465.820000,157
1,2025-05-02,1468.020000,3790.600000,2322.580000,98
1,2025-05-18,118.460000,345.500000,227.040000,11
1,2025-05-27,3842.670000,8465.100000,4622.430000,271
1,2025-06-03,2630.840000,5451.440000,2820.600000,170
1,2025-06-28,1465.470000,3234.700000,1769.230000,133
1,2025-07-09,2266.000000,5046.500000,2780.500000,184
1,2025-08-12,2952.420000,6639.050000,3686.630000,207
1,2025-08-19,2244.850000,6088.290000,3843.440000,223
1,2025-08-21,2150.110000,5321.300000,3171.190000,226
1,2025-08-28,2174.220000,5214.800000,3040.580000,184
1,2025-09-20,925.410000,1867.100000,941.690000,73
1,2025-09-29,2843.270000,8719.400000,5876.130000,198
1,2025-10-01,1950.800000,3950.400000,1999.600000,171
1,2025-10-08,3624.550000,7875.510000,4250.960000,201
1,2025-10-10,3043.440000,9077.000000,6033.560000,166
1,2025-11-04,2497.210000,5518.750000,3021.540000,226
1,2025-12-06,245.250000,703.300000,458.050000,24
1,2026-01-07,2847.940000,6499.990000,3652.050000,102
1,2026-01-23,1745.820000,4256.000000,2510.180000,91
1,2026-03-07,806.340000,2236.400000,1430.060000,58
1,2026-03-09,2814.580000,6347.690000,3533.110000,215
1,2026-03-14,281.330000,922.600000,641.270000,20
1,2026-04-26,22.350000,48.000000,25.650000,1
1,2026-04-28,1979.680000,5089.100000,3109.420000,212
1,2026-05-21,3585.440000,6900.050000,3314.610000,208
